filename,infected
21765.jpg,0.0
21766.jpg,1.0
21767.jpg,0.0
21768.jpg,0.0
21769.jpg,0.0
21770.jpg,1.0
21771.jpg,1.0
21772.jpg,0.0
21773.jpg,1.0
21774.jpg,0.0
21775.jpg,1.0
21776.jpg,0.0
21777.jpg,1.0
21778.jpg,1.0
21779.jpg,1.0
21780.jpg,0.0
21781.jpg,1.0
21782.jpg,1.0
21783.jpg,1.0
21784.jpg,1.0
21785.jpg,1.0
21786.jpg,1.0
21787.jpg,1.0
21788.jpg,0.0
21789.jpg,0.0
21790.jpg,1.0
21791.jpg,1.0
21792.jpg,1.0
21793.jpg,0.0
21794.jpg,0.0
21795.jpg,0.0
21796.jpg,1.0
21797.jpg,1.0
21798.jpg,0.0
21799.jpg,0.0
21800.jpg,0.0
21801.jpg,1.0
21802.jpg,1.0
21803.jpg,1.0
21804.jpg,1.0
21805.jpg,0.0
21806.jpg,0.0
21807.jpg,0.0
21808.jpg,0.0
21809.jpg,1.0
21810.jpg,0.0
21811.jpg,1.0
21812.jpg,0.0
21813.jpg,1.0
21814.jpg,0.0
21815.jpg,0.0
21816.jpg,0.0
21817.jpg,1.0
21818.jpg,0.0
21819.jpg,1.0
21820.jpg,1.0
21821.jpg,0.0
21822.jpg,1.0
21823.jpg,1.0
21824.jpg,0.0
21825.jpg,0.0
21826.jpg,1.0
21827.jpg,1.0
21828.jpg,0.0
21829.jpg,0.0
21830.jpg,1.0
21831.jpg,0.0
21832.jpg,1.0
21833.jpg,0.0
21834.jpg,0.0
21835.jpg,1.0
21836.jpg,1.0
21837.jpg,0.0
21838.jpg,1.0
21839.jpg,0.0
21840.jpg,1.0
21841.jpg,0.0
21842.jpg,1.0
21843.jpg,1.0
21844.jpg,1.0
21845.jpg,0.0
21846.jpg,0.0
21847.jpg,1.0
21848.jpg,0.0
21849.jpg,0.0
21850.jpg,1.0
21851.jpg,0.0
21852.jpg,1.0
21853.jpg,0.0
21854.jpg,0.0
21855.jpg,1.0
21856.jpg,0.0
21857.jpg,1.0
21858.jpg,1.0
21859.jpg,0.0
21860.jpg,0.0
21861.jpg,0.0
21862.jpg,1.0
21863.jpg,1.0
21864.jpg,1.0
21865.jpg,0.0
21866.jpg,0.0
21867.jpg,1.0
21868.jpg,0.0
21869.jpg,1.0
21870.jpg,0.0
21871.jpg,0.0
21872.jpg,0.0
21873.jpg,0.0
21874.jpg,1.0
21875.jpg,0.0
21876.jpg,1.0
21877.jpg,0.0
21878.jpg,1.0
21879.jpg,1.0
21880.jpg,1.0
21881.jpg,0.0
21882.jpg,1.0
21883.jpg,0.0
21884.jpg,0.0
21885.jpg,1.0
21886.jpg,1.0
21887.jpg,1.0
21888.jpg,1.0
21889.jpg,1.0
21890.jpg,0.0
21891.jpg,0.0
21892.jpg,1.0
21893.jpg,1.0
21894.jpg,0.0
21895.jpg,0.0
21896.jpg,1.0
21897.jpg,1.0
21898.jpg,1.0
21899.jpg,1.0
21900.jpg,1.0
21901.jpg,0.0
21902.jpg,0.0
21903.jpg,1.0
21904.jpg,1.0
21905.jpg,1.0
21906.jpg,0.0
21907.jpg,0.0
21908.jpg,1.0
21909.jpg,0.0
21910.jpg,0.0
21911.jpg,0.0
21912.jpg,1.0
21913.jpg,1.0
21914.jpg,1.0
21915.jpg,1.0
21916.jpg,1.0
21917.jpg,1.0
21918.jpg,1.0
21919.jpg,0.0
21920.jpg,0.0
21921.jpg,0.0
21922.jpg,0.0
21923.jpg,0.0
21924.jpg,0.0
21925.jpg,0.0
21926.jpg,0.0
21927.jpg,1.0
21928.jpg,1.0
21929.jpg,0.0
21930.jpg,0.0
21931.jpg,1.0
21932.jpg,1.0
21933.jpg,1.0
21934.jpg,0.0
21935.jpg,1.0
21936.jpg,0.0
21937.jpg,0.0
21938.jpg,0.0
21939.jpg,1.0
21940.jpg,1.0
21941.jpg,1.0
21942.jpg,1.0
21943.jpg,1.0
21944.jpg,1.0
21945.jpg,1.0
21946.jpg,1.0
21947.jpg,1.0
21948.jpg,0.0
21949.jpg,0.0
21950.jpg,1.0
21951.jpg,1.0
21952.jpg,0.0
21953.jpg,1.0
21954.jpg,1.0
21955.jpg,0.0
21956.jpg,0.0
21957.jpg,1.0
21958.jpg,1.0
21959.jpg,1.0
21960.jpg,0.0
21961.jpg,1.0
21962.jpg,0.0
21963.jpg,0.0
21964.jpg,1.0
21965.jpg,1.0
21966.jpg,0.0
21967.jpg,0.0
21968.jpg,0.0
21969.jpg,0.0
21970.jpg,1.0
21971.jpg,0.0
21972.jpg,0.0
21973.jpg,0.0
21974.jpg,0.0
21975.jpg,1.0
21976.jpg,0.0
21977.jpg,1.0
21978.jpg,1.0
21979.jpg,1.0
21980.jpg,0.0
21981.jpg,0.0
21982.jpg,1.0
21983.jpg,1.0
21984.jpg,0.0
21985.jpg,1.0
21986.jpg,1.0
21987.jpg,1.0
21988.jpg,1.0
21989.jpg,0.0
21990.jpg,1.0
21991.jpg,1.0
21992.jpg,1.0
21993.jpg,1.0
21994.jpg,1.0
21995.jpg,1.0
21996.jpg,0.0
21997.jpg,0.0
21998.jpg,0.0
21999.jpg,0.0
22000.jpg,0.0
22001.jpg,0.0
22002.jpg,1.0
22003.jpg,1.0
22004.jpg,0.0
22005.jpg,0.0
22006.jpg,1.0
22007.jpg,1.0
22008.jpg,0.0
22009.jpg,0.0
22010.jpg,1.0
22011.jpg,0.0
22012.jpg,0.0
22013.jpg,1.0
22014.jpg,0.0
22015.jpg,1.0
22016.jpg,1.0
22017.jpg,1.0
22018.jpg,0.0
22019.jpg,1.0
22020.jpg,1.0
22021.jpg,1.0
22022.jpg,1.0
22023.jpg,1.0
22024.jpg,1.0
22025.jpg,0.0
22026.jpg,1.0
22027.jpg,1.0
22028.jpg,0.0
22029.jpg,1.0
22030.jpg,0.0
22031.jpg,0.0
22032.jpg,1.0
22033.jpg,0.0
22034.jpg,1.0
22035.jpg,0.0
22036.jpg,1.0
22037.jpg,0.0
22038.jpg,1.0
22039.jpg,1.0
22040.jpg,0.0
22041.jpg,1.0
22042.jpg,1.0
22043.jpg,0.0
22044.jpg,0.0
22045.jpg,1.0
22046.jpg,0.0
22047.jpg,1.0
22048.jpg,0.0
22049.jpg,1.0
22050.jpg,1.0
22051.jpg,1.0
22052.jpg,1.0
22053.jpg,1.0
22054.jpg,1.0
22055.jpg,0.0
22056.jpg,1.0
22057.jpg,1.0
22058.jpg,1.0
22059.jpg,0.0
22060.jpg,1.0
22061.jpg,1.0
22062.jpg,0.0
22063.jpg,1.0
22064.jpg,0.0
22065.jpg,1.0
22066.jpg,0.0
22067.jpg,0.0
22068.jpg,0.0
22069.jpg,0.0
22070.jpg,0.0
22071.jpg,0.0
22072.jpg,1.0
22073.jpg,0.0
22074.jpg,0.0
22075.jpg,0.0
22076.jpg,0.0
22077.jpg,1.0
22078.jpg,1.0
22079.jpg,1.0
22080.jpg,1.0
22081.jpg,0.0
22082.jpg,1.0
22083.jpg,0.0
22084.jpg,0.0
22085.jpg,1.0
22086.jpg,0.0
22087.jpg,0.0
22088.jpg,1.0
22089.jpg,1.0
22090.jpg,1.0
22091.jpg,1.0
22092.jpg,1.0
22093.jpg,0.0
22094.jpg,0.0
22095.jpg,0.0
22096.jpg,0.0
22097.jpg,0.0
22098.jpg,1.0
22099.jpg,0.0
22100.jpg,0.0
22101.jpg,1.0
22102.jpg,1.0
22103.jpg,0.0
22104.jpg,0.0
22105.jpg,1.0
22106.jpg,1.0
22107.jpg,1.0
22108.jpg,0.0
22109.jpg,1.0
22110.jpg,0.0
22111.jpg,0.0
22112.jpg,1.0
22113.jpg,0.0
22114.jpg,0.0
22115.jpg,1.0
22116.jpg,0.0
22117.jpg,1.0
22118.jpg,0.0
22119.jpg,0.0
22120.jpg,1.0
22121.jpg,1.0
22122.jpg,0.0
22123.jpg,1.0
22124.jpg,1.0
22125.jpg,0.0
22126.jpg,1.0
22127.jpg,0.0
22128.jpg,0.0
22129.jpg,0.0
22130.jpg,1.0
22131.jpg,0.0
22132.jpg,0.0
22133.jpg,0.0
22134.jpg,1.0
22135.jpg,0.0
22136.jpg,0.0
22137.jpg,0.0
22138.jpg,0.0
22139.jpg,0.0
22140.jpg,0.0
22141.jpg,0.0
22142.jpg,1.0
22143.jpg,1.0
22144.jpg,0.0
22145.jpg,1.0
22146.jpg,0.0
22147.jpg,1.0
22148.jpg,0.0
22149.jpg,0.0
22150.jpg,0.0
22151.jpg,1.0
22152.jpg,1.0
22153.jpg,0.0
22154.jpg,1.0
22155.jpg,1.0
22156.jpg,0.0
22157.jpg,1.0
22158.jpg,1.0
22159.jpg,1.0
22160.jpg,1.0
22161.jpg,1.0
22162.jpg,1.0
22163.jpg,1.0
22164.jpg,1.0
22165.jpg,1.0
22166.jpg,1.0
22167.jpg,0.0
22168.jpg,0.0
22169.jpg,1.0
22170.jpg,0.0
22171.jpg,0.0
22172.jpg,1.0
22173.jpg,1.0
22174.jpg,0.0
22175.jpg,1.0
22176.jpg,0.0
22177.jpg,0.0
22178.jpg,1.0
22179.jpg,0.0
22180.jpg,0.0
22181.jpg,1.0
22182.jpg,0.0
22183.jpg,1.0
22184.jpg,1.0
22185.jpg,1.0
22186.jpg,1.0
22187.jpg,0.0
22188.jpg,0.0
22189.jpg,0.0
22190.jpg,1.0
22191.jpg,0.0
22192.jpg,0.0
22193.jpg,0.0
22194.jpg,0.0
22195.jpg,0.0
22196.jpg,1.0
22197.jpg,1.0
22198.jpg,0.0
22199.jpg,0.0
22200.jpg,0.0
22201.jpg,1.0
22202.jpg,1.0
22203.jpg,1.0
22204.jpg,0.0
22205.jpg,1.0
22206.jpg,0.0
22207.jpg,1.0
22208.jpg,1.0
22209.jpg,0.0
22210.jpg,1.0
22211.jpg,1.0
22212.jpg,1.0
22213.jpg,1.0
22214.jpg,0.0
22215.jpg,1.0
22216.jpg,1.0
22217.jpg,1.0
22218.jpg,0.0
22219.jpg,0.0
22220.jpg,0.0
22221.jpg,0.0
22222.jpg,1.0
22223.jpg,0.0
22224.jpg,0.0
22225.jpg,1.0
22226.jpg,0.0
22227.jpg,0.0
22228.jpg,1.0
22229.jpg,0.0
22230.jpg,1.0
22231.jpg,0.0
22232.jpg,1.0
22233.jpg,1.0
22234.jpg,0.0
22235.jpg,1.0
22236.jpg,0.0
22237.jpg,1.0
22238.jpg,1.0
22239.jpg,1.0
22240.jpg,1.0
22241.jpg,0.0
22242.jpg,1.0
22243.jpg,1.0
22244.jpg,0.0
22245.jpg,1.0
22246.jpg,0.0
22247.jpg,1.0
22248.jpg,1.0
22249.jpg,1.0
22250.jpg,1.0
22251.jpg,1.0
22252.jpg,0.0
22253.jpg,1.0
22254.jpg,0.0
22255.jpg,0.0
22256.jpg,0.0
22257.jpg,1.0
22258.jpg,0.0
22259.jpg,0.0
22260.jpg,0.0
22261.jpg,1.0
22262.jpg,0.0
22263.jpg,1.0
22264.jpg,0.0
22265.jpg,1.0
22266.jpg,0.0
22267.jpg,0.0
22268.jpg,1.0
22269.jpg,1.0
22270.jpg,0.0
22271.jpg,1.0
22272.jpg,0.0
22273.jpg,1.0
22274.jpg,0.0
22275.jpg,1.0
22276.jpg,1.0
22277.jpg,1.0
22278.jpg,0.0
22279.jpg,0.0
22280.jpg,0.0
22281.jpg,1.0
22282.jpg,0.0
22283.jpg,0.0
22284.jpg,0.0
22285.jpg,0.0
22286.jpg,1.0
22287.jpg,1.0
22288.jpg,0.0
22289.jpg,0.0
22290.jpg,1.0
22291.jpg,0.0
22292.jpg,0.0
22293.jpg,1.0
22294.jpg,1.0
22295.jpg,0.0
22296.jpg,1.0
22297.jpg,0.0
22298.jpg,0.0
22299.jpg,0.0
22300.jpg,1.0
22301.jpg,0.0
22302.jpg,1.0
22303.jpg,0.0
22304.jpg,1.0
22305.jpg,1.0
22306.jpg,0.0
22307.jpg,0.0
22308.jpg,1.0
22309.jpg,0.0
22310.jpg,0.0
22311.jpg,1.0
22312.jpg,1.0
22313.jpg,0.0
22314.jpg,0.0
22315.jpg,0.0
22316.jpg,1.0
22317.jpg,1.0
22318.jpg,1.0
22319.jpg,1.0
22320.jpg,1.0
22321.jpg,1.0
22322.jpg,0.0
22323.jpg,1.0
22324.jpg,0.0
22325.jpg,0.0
22326.jpg,0.0
22327.jpg,1.0
22328.jpg,0.0
22329.jpg,1.0
22330.jpg,1.0
22331.jpg,1.0
22332.jpg,0.0
22333.jpg,1.0
22334.jpg,0.0
22335.jpg,0.0
22336.jpg,1.0
22337.jpg,0.0
22338.jpg,0.0
22339.jpg,0.0
22340.jpg,0.0
22341.jpg,0.0
22342.jpg,1.0
22343.jpg,0.0
22344.jpg,1.0
22345.jpg,0.0
22346.jpg,1.0
22347.jpg,1.0
22348.jpg,0.0
22349.jpg,1.0
22350.jpg,0.0
22351.jpg,0.0
22352.jpg,1.0
22353.jpg,1.0
22354.jpg,1.0
22355.jpg,1.0
22356.jpg,1.0
22357.jpg,0.0
22358.jpg,1.0
22359.jpg,1.0
22360.jpg,1.0
22361.jpg,0.0
22362.jpg,1.0
22363.jpg,0.0
22364.jpg,1.0
22365.jpg,0.0
22366.jpg,1.0
22367.jpg,1.0
22368.jpg,1.0
22369.jpg,1.0
22370.jpg,1.0
22371.jpg,1.0
22372.jpg,0.0
22373.jpg,0.0
22374.jpg,1.0
22375.jpg,0.0
22376.jpg,0.0
22377.jpg,1.0
22378.jpg,1.0
22379.jpg,0.0
22380.jpg,1.0
22381.jpg,0.0
22382.jpg,1.0
22383.jpg,1.0
22384.jpg,1.0
22385.jpg,1.0
22386.jpg,0.0
22387.jpg,1.0
22388.jpg,0.0
22389.jpg,1.0
22390.jpg,0.0
22391.jpg,0.0
22392.jpg,1.0
22393.jpg,1.0
22394.jpg,0.0
22395.jpg,1.0
22396.jpg,0.0
22397.jpg,1.0
22398.jpg,0.0
22399.jpg,0.0
22400.jpg,0.0
22401.jpg,1.0
22402.jpg,0.0
22403.jpg,0.0
22404.jpg,1.0
22405.jpg,0.0
22406.jpg,0.0
22407.jpg,0.0
22408.jpg,1.0
22409.jpg,0.0
22410.jpg,0.0
22411.jpg,0.0
22412.jpg,0.0
22413.jpg,1.0
22414.jpg,1.0
22415.jpg,1.0
22416.jpg,1.0
22417.jpg,1.0
22418.jpg,0.0
22419.jpg,1.0
22420.jpg,0.0
22421.jpg,0.0
22422.jpg,0.0
22423.jpg,0.0
22424.jpg,0.0
22425.jpg,0.0
22426.jpg,1.0
22427.jpg,0.0
22428.jpg,0.0
22429.jpg,1.0
22430.jpg,1.0
22431.jpg,0.0
22432.jpg,1.0
22433.jpg,0.0
22434.jpg,0.0
22435.jpg,0.0
22436.jpg,1.0
22437.jpg,0.0
22438.jpg,1.0
22439.jpg,0.0
22440.jpg,1.0
22441.jpg,0.0
22442.jpg,1.0
22443.jpg,0.0
22444.jpg,0.0
22445.jpg,0.0
22446.jpg,0.0
22447.jpg,0.0
22448.jpg,1.0
22449.jpg,0.0
22450.jpg,0.0
22451.jpg,0.0
22452.jpg,1.0
22453.jpg,0.0
22454.jpg,1.0
22455.jpg,0.0
22456.jpg,1.0
22457.jpg,0.0
22458.jpg,0.0
22459.jpg,1.0
22460.jpg,1.0
22461.jpg,1.0
22462.jpg,0.0
22463.jpg,0.0
22464.jpg,0.0
22465.jpg,1.0
22466.jpg,1.0
22467.jpg,0.0
22468.jpg,0.0
22469.jpg,1.0
22470.jpg,1.0
22471.jpg,0.0
22472.jpg,1.0
22473.jpg,0.0
22474.jpg,1.0
22475.jpg,1.0
22476.jpg,0.0
22477.jpg,1.0
22478.jpg,1.0
22479.jpg,0.0
22480.jpg,1.0
22481.jpg,1.0
22482.jpg,0.0
22483.jpg,1.0
22484.jpg,1.0
22485.jpg,0.0
22486.jpg,0.0
22487.jpg,1.0
22488.jpg,0.0
22489.jpg,0.0
22490.jpg,1.0
22491.jpg,0.0
22492.jpg,1.0
22493.jpg,1.0
22494.jpg,0.0
22495.jpg,1.0
22496.jpg,1.0
22497.jpg,0.0
22498.jpg,0.0
22499.jpg,1.0
22500.jpg,0.0
22501.jpg,1.0
22502.jpg,0.0
22503.jpg,1.0
22504.jpg,0.0
22505.jpg,0.0
22506.jpg,1.0
22507.jpg,1.0
22508.jpg,1.0
22509.jpg,1.0
22510.jpg,1.0
22511.jpg,1.0
22512.jpg,1.0
22513.jpg,1.0
22514.jpg,1.0
22515.jpg,1.0
22516.jpg,0.0
22517.jpg,1.0
22518.jpg,0.0
22519.jpg,0.0
22520.jpg,0.0
22521.jpg,1.0
22522.jpg,0.0
22523.jpg,1.0
22524.jpg,0.0
22525.jpg,0.0
22526.jpg,0.0
22527.jpg,1.0
22528.jpg,1.0
22529.jpg,0.0
22530.jpg,1.0
22531.jpg,1.0
22532.jpg,1.0
22533.jpg,0.0
22534.jpg,0.0
22535.jpg,0.0
22536.jpg,1.0
22537.jpg,0.0
22538.jpg,0.0
22539.jpg,1.0
22540.jpg,0.0
22541.jpg,1.0
22542.jpg,0.0
22543.jpg,1.0
22544.jpg,1.0
22545.jpg,0.0
22546.jpg,1.0
22547.jpg,1.0
22548.jpg,0.0
22549.jpg,0.0
22550.jpg,1.0
22551.jpg,1.0
22552.jpg,0.0
22553.jpg,1.0
22554.jpg,1.0
22555.jpg,1.0
22556.jpg,0.0
22557.jpg,1.0
22558.jpg,1.0
22559.jpg,0.0
22560.jpg,1.0
22561.jpg,0.0
22562.jpg,1.0
22563.jpg,0.0
22564.jpg,1.0
22565.jpg,1.0
22566.jpg,1.0
22567.jpg,1.0
22568.jpg,0.0
22569.jpg,0.0
22570.jpg,1.0
22571.jpg,0.0
22572.jpg,0.0
22573.jpg,0.0
22574.jpg,0.0
22575.jpg,0.0
22576.jpg,1.0
22577.jpg,1.0
22578.jpg,0.0
22579.jpg,0.0
22580.jpg,1.0
22581.jpg,0.0
22582.jpg,1.0
22583.jpg,1.0
22584.jpg,1.0
22585.jpg,0.0
22586.jpg,0.0
22587.jpg,1.0
22588.jpg,1.0
22589.jpg,1.0
22590.jpg,1.0
22591.jpg,0.0
22592.jpg,1.0
22593.jpg,1.0
22594.jpg,0.0
22595.jpg,0.0
22596.jpg,0.0
22597.jpg,0.0
22598.jpg,0.0
22599.jpg,1.0
22600.jpg,1.0
22601.jpg,0.0
22602.jpg,0.0
22603.jpg,0.0
22604.jpg,1.0
22605.jpg,0.0
22606.jpg,1.0
22607.jpg,0.0
22608.jpg,0.0
22609.jpg,0.0
22610.jpg,1.0
22611.jpg,0.0
22612.jpg,1.0
22613.jpg,0.0
22614.jpg,1.0
22615.jpg,0.0
22616.jpg,1.0
22617.jpg,0.0
22618.jpg,0.0
22619.jpg,1.0
22620.jpg,0.0
22621.jpg,0.0
22622.jpg,1.0
22623.jpg,1.0
22624.jpg,0.0
22625.jpg,1.0
22626.jpg,1.0
22627.jpg,1.0
22628.jpg,1.0
22629.jpg,0.0
22630.jpg,0.0
22631.jpg,0.0
22632.jpg,0.0
22633.jpg,0.0
22634.jpg,1.0
22635.jpg,1.0
22636.jpg,0.0
22637.jpg,1.0
22638.jpg,1.0
22639.jpg,1.0
22640.jpg,1.0
22641.jpg,0.0
22642.jpg,0.0
22643.jpg,0.0
22644.jpg,1.0
22645.jpg,1.0
22646.jpg,0.0
22647.jpg,1.0
22648.jpg,0.0
22649.jpg,0.0
22650.jpg,1.0
22651.jpg,0.0
22652.jpg,1.0
22653.jpg,1.0
22654.jpg,0.0
22655.jpg,0.0
22656.jpg,1.0
22657.jpg,1.0
22658.jpg,1.0
22659.jpg,1.0
22660.jpg,0.0
22661.jpg,0.0
22662.jpg,1.0
22663.jpg,0.0
22664.jpg,0.0
22665.jpg,0.0
22666.jpg,1.0
22667.jpg,1.0
22668.jpg,1.0
22669.jpg,1.0
22670.jpg,1.0
22671.jpg,1.0
22672.jpg,1.0
22673.jpg,0.0
22674.jpg,0.0
22675.jpg,0.0
22676.jpg,1.0
22677.jpg,0.0
22678.jpg,1.0
22679.jpg,1.0
22680.jpg,0.0
22681.jpg,0.0
22682.jpg,1.0
22683.jpg,1.0
22684.jpg,1.0
22685.jpg,0.0
22686.jpg,1.0
22687.jpg,1.0
22688.jpg,0.0
22689.jpg,0.0
22690.jpg,0.0
22691.jpg,1.0
22692.jpg,1.0
22693.jpg,1.0
22694.jpg,1.0
22695.jpg,0.0
22696.jpg,1.0
22697.jpg,1.0
22698.jpg,1.0
22699.jpg,1.0
22700.jpg,0.0
22701.jpg,0.0
22702.jpg,0.0
22703.jpg,0.0
22704.jpg,0.0
22705.jpg,0.0
22706.jpg,0.0
22707.jpg,0.0
22708.jpg,1.0
22709.jpg,0.0
22710.jpg,1.0
22711.jpg,1.0
22712.jpg,0.0
22713.jpg,0.0
22714.jpg,0.0
22715.jpg,1.0
22716.jpg,0.0
22717.jpg,0.0
22718.jpg,1.0
22719.jpg,0.0
22720.jpg,1.0
22721.jpg,1.0
22722.jpg,0.0
22723.jpg,0.0
22724.jpg,0.0
22725.jpg,1.0
22726.jpg,0.0
22727.jpg,1.0
22728.jpg,0.0
22729.jpg,1.0
22730.jpg,1.0
22731.jpg,0.0
22732.jpg,1.0
22733.jpg,1.0
22734.jpg,0.0
22735.jpg,0.0
22736.jpg,1.0
22737.jpg,0.0
22738.jpg,1.0
22739.jpg,1.0
22740.jpg,1.0
22741.jpg,0.0
22742.jpg,0.0
22743.jpg,1.0
22744.jpg,1.0
22745.jpg,0.0
22746.jpg,0.0
22747.jpg,0.0
22748.jpg,1.0
22749.jpg,1.0
22750.jpg,1.0
22751.jpg,1.0
22752.jpg,1.0
22753.jpg,1.0
22754.jpg,1.0
22755.jpg,1.0
22756.jpg,0.0
22757.jpg,0.0
22758.jpg,0.0
22759.jpg,1.0
22760.jpg,1.0
22761.jpg,0.0
22762.jpg,1.0
22763.jpg,1.0
22764.jpg,1.0
22765.jpg,0.0
22766.jpg,1.0
22767.jpg,1.0
22768.jpg,0.0
22769.jpg,1.0
22770.jpg,1.0
22771.jpg,0.0
22772.jpg,1.0
22773.jpg,0.0
22774.jpg,0.0
22775.jpg,0.0
22776.jpg,1.0
22777.jpg,0.0
22778.jpg,0.0
22779.jpg,1.0
22780.jpg,0.0
22781.jpg,0.0
22782.jpg,0.0
22783.jpg,0.0
22784.jpg,1.0
22785.jpg,1.0
22786.jpg,0.0
22787.jpg,0.0
22788.jpg,0.0
22789.jpg,1.0
22790.jpg,1.0
22791.jpg,1.0
22792.jpg,0.0
22793.jpg,0.0
22794.jpg,0.0
22795.jpg,1.0
22796.jpg,1.0
22797.jpg,1.0
22798.jpg,1.0
22799.jpg,1.0
22800.jpg,0.0
22801.jpg,1.0
22802.jpg,1.0
22803.jpg,1.0
22804.jpg,1.0
22805.jpg,1.0
22806.jpg,1.0
22807.jpg,0.0
22808.jpg,1.0
22809.jpg,1.0
22810.jpg,0.0
22811.jpg,0.0
22812.jpg,0.0
22813.jpg,0.0
22814.jpg,1.0
22815.jpg,1.0
22816.jpg,1.0
22817.jpg,1.0
22818.jpg,0.0
22819.jpg,0.0
22820.jpg,0.0
22821.jpg,0.0
22822.jpg,0.0
22823.jpg,0.0
22824.jpg,0.0
22825.jpg,0.0
22826.jpg,0.0
22827.jpg,0.0
22828.jpg,1.0
22829.jpg,1.0
22830.jpg,1.0
22831.jpg,0.0
22832.jpg,1.0
22833.jpg,0.0
22834.jpg,1.0
22835.jpg,1.0
22836.jpg,1.0
22837.jpg,0.0
22838.jpg,0.0
22839.jpg,1.0
22840.jpg,1.0
22841.jpg,0.0
22842.jpg,0.0
22843.jpg,0.0
22844.jpg,0.0
22845.jpg,1.0
22846.jpg,0.0
22847.jpg,1.0
22848.jpg,1.0
22849.jpg,1.0
22850.jpg,1.0
22851.jpg,1.0
22852.jpg,0.0
22853.jpg,1.0
22854.jpg,1.0
22855.jpg,0.0
22856.jpg,1.0
22857.jpg,1.0
22858.jpg,1.0
22859.jpg,1.0
22860.jpg,0.0
22861.jpg,0.0
22862.jpg,1.0
22863.jpg,0.0
22864.jpg,1.0
22865.jpg,0.0
22866.jpg,1.0
22867.jpg,0.0
22868.jpg,0.0
22869.jpg,0.0
22870.jpg,1.0
22871.jpg,0.0
22872.jpg,0.0
22873.jpg,1.0
22874.jpg,0.0
22875.jpg,0.0
22876.jpg,1.0
22877.jpg,0.0
22878.jpg,0.0
22879.jpg,1.0
22880.jpg,0.0
22881.jpg,0.0
22882.jpg,1.0
22883.jpg,1.0
22884.jpg,0.0
22885.jpg,0.0
22886.jpg,1.0
22887.jpg,0.0
22888.jpg,1.0
22889.jpg,1.0
22890.jpg,1.0
22891.jpg,0.0
22892.jpg,0.0
22893.jpg,0.0
22894.jpg,0.0
22895.jpg,0.0
22896.jpg,1.0
22897.jpg,0.0
22898.jpg,0.0
22899.jpg,1.0
22900.jpg,0.0
22901.jpg,0.0
22902.jpg,0.0
22903.jpg,0.0
22904.jpg,1.0
22905.jpg,0.0
22906.jpg,0.0
22907.jpg,1.0
22908.jpg,0.0
22909.jpg,0.0
22910.jpg,0.0
22911.jpg,1.0
22912.jpg,0.0
22913.jpg,0.0
22914.jpg,0.0
22915.jpg,0.0
22916.jpg,0.0
22917.jpg,0.0
22918.jpg,0.0
22919.jpg,0.0
22920.jpg,0.0
22921.jpg,1.0
22922.jpg,1.0
22923.jpg,0.0
22924.jpg,0.0
22925.jpg,1.0
22926.jpg,0.0
22927.jpg,0.0
22928.jpg,0.0
22929.jpg,1.0
22930.jpg,1.0
22931.jpg,1.0
22932.jpg,1.0
22933.jpg,1.0
22934.jpg,1.0
22935.jpg,1.0
22936.jpg,1.0
22937.jpg,1.0
22938.jpg,1.0
22939.jpg,0.0
22940.jpg,0.0
22941.jpg,1.0
22942.jpg,1.0
22943.jpg,1.0
22944.jpg,0.0
22945.jpg,0.0
22946.jpg,0.0
22947.jpg,0.0
22948.jpg,0.0
22949.jpg,1.0
22950.jpg,1.0
22951.jpg,1.0
22952.jpg,1.0
22953.jpg,0.0
22954.jpg,1.0
22955.jpg,0.0
22956.jpg,0.0
22957.jpg,1.0
22958.jpg,0.0
22959.jpg,0.0
22960.jpg,0.0
22961.jpg,1.0
22962.jpg,1.0
22963.jpg,0.0
22964.jpg,0.0
22965.jpg,1.0
22966.jpg,0.0
22967.jpg,0.0
22968.jpg,1.0
22969.jpg,1.0
22970.jpg,0.0
22971.jpg,1.0
22972.jpg,1.0
22973.jpg,1.0
22974.jpg,1.0
22975.jpg,0.0
22976.jpg,1.0
22977.jpg,0.0
22978.jpg,1.0
22979.jpg,1.0
22980.jpg,1.0
22981.jpg,1.0
22982.jpg,0.0
22983.jpg,0.0
22984.jpg,0.0
22985.jpg,1.0
22986.jpg,0.0
22987.jpg,0.0
22988.jpg,1.0
22989.jpg,1.0
22990.jpg,0.0
22991.jpg,1.0
22992.jpg,0.0
22993.jpg,0.0
22994.jpg,1.0
22995.jpg,1.0
22996.jpg,0.0
22997.jpg,0.0
22998.jpg,0.0
22999.jpg,0.0
23000.jpg,1.0
23001.jpg,1.0
23002.jpg,0.0
23003.jpg,0.0
23004.jpg,1.0
23005.jpg,1.0
23006.jpg,0.0
23007.jpg,1.0
23008.jpg,1.0
23009.jpg,0.0
23010.jpg,0.0
23011.jpg,1.0
23012.jpg,0.0
23013.jpg,0.0
23014.jpg,0.0
23015.jpg,0.0
23016.jpg,0.0
23017.jpg,0.0
23018.jpg,0.0
23019.jpg,0.0
23020.jpg,1.0
23021.jpg,0.0
23022.jpg,0.0
23023.jpg,1.0
23024.jpg,0.0
23025.jpg,1.0
23026.jpg,1.0
23027.jpg,0.0
23028.jpg,1.0
23029.jpg,0.0
23030.jpg,0.0
23031.jpg,0.0
23032.jpg,1.0
23033.jpg,0.0
23034.jpg,0.0
23035.jpg,1.0
23036.jpg,0.0
23037.jpg,0.0
23038.jpg,1.0
23039.jpg,0.0
23040.jpg,1.0
23041.jpg,0.0
23042.jpg,0.0
23043.jpg,1.0
23044.jpg,0.0
23045.jpg,1.0
23046.jpg,0.0
23047.jpg,0.0
23048.jpg,1.0
23049.jpg,1.0
23050.jpg,1.0
23051.jpg,0.0
23052.jpg,0.0
23053.jpg,0.0
23054.jpg,1.0
23055.jpg,1.0
23056.jpg,1.0
23057.jpg,1.0
23058.jpg,1.0
23059.jpg,1.0
23060.jpg,1.0
23061.jpg,1.0
23062.jpg,0.0
23063.jpg,0.0
23064.jpg,1.0
23065.jpg,0.0
23066.jpg,1.0
23067.jpg,1.0
23068.jpg,0.0
23069.jpg,0.0
23070.jpg,1.0
23071.jpg,1.0
23072.jpg,0.0
23073.jpg,1.0
23074.jpg,0.0
23075.jpg,0.0
23076.jpg,0.0
23077.jpg,1.0
23078.jpg,1.0
23079.jpg,1.0
23080.jpg,1.0
23081.jpg,0.0
23082.jpg,1.0
23083.jpg,0.0
23084.jpg,1.0
23085.jpg,1.0
23086.jpg,1.0
23087.jpg,1.0
23088.jpg,0.0
23089.jpg,1.0
23090.jpg,1.0
23091.jpg,1.0
23092.jpg,1.0
23093.jpg,0.0
23094.jpg,1.0
23095.jpg,1.0
23096.jpg,1.0
23097.jpg,1.0
23098.jpg,1.0
23099.jpg,0.0
23100.jpg,0.0
23101.jpg,0.0
23102.jpg,1.0
23103.jpg,0.0
23104.jpg,0.0
23105.jpg,0.0
23106.jpg,0.0
23107.jpg,0.0
23108.jpg,0.0
23109.jpg,0.0
23110.jpg,0.0
23111.jpg,0.0
23112.jpg,0.0
23113.jpg,1.0
23114.jpg,0.0
23115.jpg,1.0
23116.jpg,0.0
23117.jpg,1.0
23118.jpg,1.0
23119.jpg,0.0
23120.jpg,1.0
23121.jpg,0.0
23122.jpg,1.0
23123.jpg,1.0
23124.jpg,0.0
23125.jpg,1.0
23126.jpg,0.0
23127.jpg,1.0
23128.jpg,0.0
23129.jpg,0.0
23130.jpg,0.0
23131.jpg,0.0
23132.jpg,1.0
23133.jpg,1.0
23134.jpg,1.0
23135.jpg,1.0
23136.jpg,0.0
23137.jpg,1.0
23138.jpg,1.0
23139.jpg,1.0
23140.jpg,0.0
23141.jpg,1.0
23142.jpg,0.0
23143.jpg,1.0
23144.jpg,1.0
23145.jpg,0.0
23146.jpg,0.0
23147.jpg,1.0
23148.jpg,0.0
23149.jpg,0.0
23150.jpg,0.0
23151.jpg,1.0
23152.jpg,0.0
23153.jpg,1.0
23154.jpg,1.0
23155.jpg,0.0
23156.jpg,0.0
23157.jpg,1.0
23158.jpg,0.0
23159.jpg,1.0
23160.jpg,1.0
23161.jpg,1.0
23162.jpg,1.0
23163.jpg,0.0
23164.jpg,1.0
23165.jpg,0.0
23166.jpg,0.0
23167.jpg,0.0
23168.jpg,0.0
23169.jpg,0.0
23170.jpg,1.0
23171.jpg,1.0
23172.jpg,0.0
23173.jpg,0.0
23174.jpg,1.0
23175.jpg,1.0
23176.jpg,1.0
23177.jpg,1.0
23178.jpg,1.0
23179.jpg,0.0
23180.jpg,1.0
23181.jpg,1.0
23182.jpg,1.0
23183.jpg,1.0
23184.jpg,0.0
23185.jpg,1.0
23186.jpg,0.0
23187.jpg,1.0
23188.jpg,0.0
23189.jpg,1.0
23190.jpg,1.0
23191.jpg,1.0
23192.jpg,1.0
23193.jpg,0.0
23194.jpg,0.0
23195.jpg,1.0
23196.jpg,1.0
23197.jpg,1.0
23198.jpg,1.0
23199.jpg,0.0
23200.jpg,0.0
23201.jpg,0.0
23202.jpg,0.0
23203.jpg,1.0
23204.jpg,1.0
23205.jpg,0.0
23206.jpg,0.0
23207.jpg,1.0
23208.jpg,0.0
23209.jpg,1.0
23210.jpg,1.0
23211.jpg,1.0
23212.jpg,1.0
23213.jpg,1.0
23214.jpg,0.0
23215.jpg,1.0
23216.jpg,1.0
23217.jpg,1.0
23218.jpg,1.0
23219.jpg,1.0
23220.jpg,1.0
23221.jpg,1.0
23222.jpg,0.0
23223.jpg,1.0
23224.jpg,0.0
23225.jpg,1.0
23226.jpg,1.0
23227.jpg,0.0
23228.jpg,0.0
23229.jpg,0.0
23230.jpg,1.0
23231.jpg,0.0
23232.jpg,1.0
23233.jpg,1.0
23234.jpg,0.0
23235.jpg,1.0
23236.jpg,0.0
23237.jpg,0.0
23238.jpg,1.0
23239.jpg,1.0
23240.jpg,0.0
23241.jpg,1.0
23242.jpg,1.0
23243.jpg,1.0
23244.jpg,0.0
23245.jpg,1.0
23246.jpg,0.0
23247.jpg,1.0
23248.jpg,1.0
23249.jpg,1.0
23250.jpg,0.0
23251.jpg,1.0
23252.jpg,0.0
23253.jpg,1.0
23254.jpg,1.0
23255.jpg,1.0
23256.jpg,0.0
23257.jpg,1.0
23258.jpg,1.0
23259.jpg,1.0
23260.jpg,0.0
23261.jpg,0.0
23262.jpg,0.0
23263.jpg,0.0
23264.jpg,1.0
23265.jpg,1.0
23266.jpg,0.0
23267.jpg,1.0
23268.jpg,0.0
23269.jpg,0.0
23270.jpg,0.0
23271.jpg,0.0
23272.jpg,1.0
23273.jpg,0.0
23274.jpg,1.0
23275.jpg,1.0
23276.jpg,0.0
23277.jpg,1.0
23278.jpg,0.0
23279.jpg,1.0
23280.jpg,1.0
23281.jpg,1.0
23282.jpg,1.0
23283.jpg,0.0
23284.jpg,1.0
23285.jpg,1.0
23286.jpg,1.0
23287.jpg,0.0
23288.jpg,0.0
23289.jpg,0.0
23290.jpg,0.0
23291.jpg,1.0
23292.jpg,1.0
23293.jpg,1.0
23294.jpg,1.0
23295.jpg,0.0
23296.jpg,1.0
23297.jpg,0.0
23298.jpg,0.0
23299.jpg,1.0
23300.jpg,0.0
23301.jpg,1.0
23302.jpg,1.0
23303.jpg,1.0
23304.jpg,1.0
23305.jpg,1.0
23306.jpg,0.0
23307.jpg,1.0
23308.jpg,1.0
23309.jpg,0.0
23310.jpg,0.0
23311.jpg,1.0
23312.jpg,0.0
23313.jpg,0.0
23314.jpg,1.0
23315.jpg,0.0
23316.jpg,1.0
23317.jpg,0.0
23318.jpg,0.0
23319.jpg,1.0
23320.jpg,1.0
23321.jpg,0.0
23322.jpg,0.0
23323.jpg,1.0
23324.jpg,0.0
23325.jpg,1.0
23326.jpg,1.0
23327.jpg,0.0
23328.jpg,1.0
23329.jpg,1.0
23330.jpg,1.0
23331.jpg,0.0
23332.jpg,1.0
23333.jpg,0.0
23334.jpg,0.0
23335.jpg,0.0
23336.jpg,0.0
23337.jpg,0.0
23338.jpg,1.0
23339.jpg,0.0
23340.jpg,1.0
23341.jpg,1.0
23342.jpg,0.0
23343.jpg,0.0
23344.jpg,1.0
23345.jpg,1.0
23346.jpg,1.0
23347.jpg,0.0
23348.jpg,0.0
23349.jpg,1.0
23350.jpg,0.0
23351.jpg,0.0
23352.jpg,0.0
23353.jpg,0.0
23354.jpg,0.0
23355.jpg,1.0
23356.jpg,1.0
23357.jpg,1.0
23358.jpg,1.0
23359.jpg,0.0
23360.jpg,1.0
23361.jpg,0.0
23362.jpg,1.0
23363.jpg,0.0
23364.jpg,1.0
23365.jpg,1.0
23366.jpg,1.0
23367.jpg,0.0
23368.jpg,1.0
23369.jpg,0.0
23370.jpg,1.0
23371.jpg,1.0
23372.jpg,0.0
23373.jpg,0.0
23374.jpg,1.0
23375.jpg,0.0
23376.jpg,0.0
23377.jpg,1.0
23378.jpg,1.0
23379.jpg,0.0
23380.jpg,0.0
23381.jpg,1.0
23382.jpg,1.0
23383.jpg,1.0
23384.jpg,1.0
23385.jpg,0.0
23386.jpg,1.0
23387.jpg,0.0
23388.jpg,1.0
23389.jpg,1.0
23390.jpg,0.0
23391.jpg,0.0
23392.jpg,1.0
23393.jpg,1.0
23394.jpg,1.0
23395.jpg,1.0
23396.jpg,1.0
23397.jpg,1.0
23398.jpg,0.0
23399.jpg,0.0
23400.jpg,1.0
23401.jpg,1.0
23402.jpg,1.0
23403.jpg,0.0
23404.jpg,0.0
23405.jpg,1.0
23406.jpg,1.0
23407.jpg,0.0
23408.jpg,0.0
23409.jpg,0.0
23410.jpg,0.0
23411.jpg,1.0
23412.jpg,0.0
23413.jpg,1.0
23414.jpg,1.0
23415.jpg,1.0
23416.jpg,1.0
23417.jpg,1.0
23418.jpg,1.0
23419.jpg,1.0
23420.jpg,1.0
23421.jpg,0.0
23422.jpg,0.0
23423.jpg,1.0
23424.jpg,0.0
23425.jpg,1.0
23426.jpg,1.0
23427.jpg,1.0
23428.jpg,1.0
23429.jpg,1.0
23430.jpg,1.0
23431.jpg,1.0
23432.jpg,1.0
23433.jpg,0.0
23434.jpg,1.0
23435.jpg,1.0
23436.jpg,0.0
23437.jpg,0.0
23438.jpg,1.0
23439.jpg,0.0
23440.jpg,0.0
23441.jpg,0.0
23442.jpg,0.0
23443.jpg,1.0
23444.jpg,1.0
23445.jpg,0.0
23446.jpg,1.0
23447.jpg,1.0
23448.jpg,0.0
23449.jpg,1.0
23450.jpg,1.0
23451.jpg,1.0
23452.jpg,1.0
23453.jpg,0.0
23454.jpg,1.0
23455.jpg,1.0
23456.jpg,1.0
23457.jpg,1.0
23458.jpg,1.0
23459.jpg,1.0
23460.jpg,0.0
23461.jpg,1.0
23462.jpg,1.0
23463.jpg,0.0
23464.jpg,1.0
23465.jpg,1.0
23466.jpg,0.0
23467.jpg,1.0
23468.jpg,0.0
23469.jpg,0.0
23470.jpg,0.0
23471.jpg,1.0
23472.jpg,1.0
23473.jpg,0.0
23474.jpg,1.0
23475.jpg,0.0
23476.jpg,0.0
23477.jpg,0.0
23478.jpg,1.0
23479.jpg,0.0
23480.jpg,1.0
23481.jpg,0.0
23482.jpg,0.0
23483.jpg,0.0
23484.jpg,1.0
23485.jpg,1.0
23486.jpg,0.0
23487.jpg,0.0
23488.jpg,1.0
23489.jpg,1.0
23490.jpg,1.0
23491.jpg,0.0
23492.jpg,1.0
23493.jpg,0.0
23494.jpg,0.0
23495.jpg,1.0
23496.jpg,1.0
23497.jpg,0.0
23498.jpg,1.0
23499.jpg,1.0
23500.jpg,0.0
23501.jpg,1.0
23502.jpg,1.0
23503.jpg,0.0
23504.jpg,1.0
23505.jpg,0.0
23506.jpg,0.0
23507.jpg,0.0
23508.jpg,0.0
23509.jpg,1.0
23510.jpg,0.0
23511.jpg,1.0
23512.jpg,1.0
23513.jpg,1.0
23514.jpg,0.0
23515.jpg,1.0
23516.jpg,0.0
23517.jpg,0.0
23518.jpg,1.0
23519.jpg,1.0
23520.jpg,1.0
23521.jpg,1.0
23522.jpg,1.0
23523.jpg,0.0
23524.jpg,0.0
23525.jpg,1.0
23526.jpg,0.0
23527.jpg,1.0
23528.jpg,0.0
23529.jpg,0.0
23530.jpg,1.0
23531.jpg,0.0
23532.jpg,0.0
23533.jpg,1.0
23534.jpg,1.0
23535.jpg,0.0
23536.jpg,1.0
23537.jpg,0.0
23538.jpg,1.0
23539.jpg,1.0
23540.jpg,1.0
23541.jpg,0.0
23542.jpg,1.0
23543.jpg,0.0
23544.jpg,0.0
23545.jpg,1.0
23546.jpg,0.0
23547.jpg,0.0
23548.jpg,1.0
23549.jpg,1.0
23550.jpg,1.0
23551.jpg,1.0
23552.jpg,1.0
23553.jpg,0.0
23554.jpg,0.0
23555.jpg,1.0
23556.jpg,1.0
23557.jpg,0.0
23558.jpg,0.0
23559.jpg,0.0
23560.jpg,0.0
23561.jpg,0.0
23562.jpg,1.0
23563.jpg,0.0
23564.jpg,0.0
23565.jpg,0.0
23566.jpg,1.0
23567.jpg,1.0
23568.jpg,1.0
23569.jpg,1.0
23570.jpg,1.0
23571.jpg,1.0
23572.jpg,0.0
23573.jpg,1.0
23574.jpg,1.0
23575.jpg,0.0
23576.jpg,1.0
23577.jpg,1.0
23578.jpg,1.0
23579.jpg,0.0
23580.jpg,0.0
23581.jpg,1.0
23582.jpg,1.0
23583.jpg,0.0
23584.jpg,1.0
23585.jpg,1.0
23586.jpg,0.0
23587.jpg,1.0
23588.jpg,0.0
23589.jpg,0.0
23590.jpg,1.0
23591.jpg,1.0
23592.jpg,1.0
23593.jpg,1.0
23594.jpg,0.0
23595.jpg,1.0
23596.jpg,1.0
23597.jpg,1.0
23598.jpg,1.0
23599.jpg,1.0
23600.jpg,0.0
23601.jpg,1.0
23602.jpg,0.0
23603.jpg,0.0
23604.jpg,0.0
23605.jpg,0.0
23606.jpg,0.0
23607.jpg,1.0
23608.jpg,1.0
23609.jpg,0.0
23610.jpg,0.0
23611.jpg,0.0
23612.jpg,0.0
23613.jpg,1.0
23614.jpg,1.0
23615.jpg,0.0
23616.jpg,1.0
23617.jpg,1.0
23618.jpg,1.0
23619.jpg,1.0
23620.jpg,1.0
23621.jpg,0.0
23622.jpg,1.0
23623.jpg,1.0
23624.jpg,1.0
23625.jpg,0.0
23626.jpg,1.0
23627.jpg,0.0
23628.jpg,1.0
23629.jpg,0.0
23630.jpg,0.0
23631.jpg,0.0
23632.jpg,0.0
23633.jpg,0.0
23634.jpg,1.0
23635.jpg,1.0
23636.jpg,0.0
23637.jpg,0.0
23638.jpg,1.0
23639.jpg,0.0
23640.jpg,0.0
23641.jpg,0.0
23642.jpg,1.0
23643.jpg,0.0
23644.jpg,0.0
23645.jpg,0.0
23646.jpg,1.0
23647.jpg,1.0
23648.jpg,1.0
23649.jpg,0.0
23650.jpg,1.0
23651.jpg,1.0
23652.jpg,1.0
23653.jpg,1.0
23654.jpg,1.0
23655.jpg,0.0
23656.jpg,0.0
23657.jpg,0.0
23658.jpg,0.0
23659.jpg,1.0
23660.jpg,1.0
23661.jpg,0.0
23662.jpg,1.0
23663.jpg,1.0
23664.jpg,0.0
23665.jpg,1.0
23666.jpg,1.0
23667.jpg,0.0
23668.jpg,0.0
23669.jpg,0.0
23670.jpg,1.0
23671.jpg,1.0
23672.jpg,1.0
23673.jpg,0.0
23674.jpg,0.0
23675.jpg,1.0
23676.jpg,0.0
23677.jpg,1.0
23678.jpg,1.0
23679.jpg,0.0
23680.jpg,0.0
23681.jpg,1.0
23682.jpg,0.0
23683.jpg,0.0
23684.jpg,1.0
23685.jpg,1.0
23686.jpg,1.0
23687.jpg,0.0
23688.jpg,1.0
23689.jpg,1.0
23690.jpg,1.0
23691.jpg,0.0
23692.jpg,0.0
23693.jpg,0.0
23694.jpg,0.0
23695.jpg,0.0
23696.jpg,1.0
23697.jpg,1.0
23698.jpg,1.0
23699.jpg,1.0
23700.jpg,0.0
23701.jpg,0.0
23702.jpg,1.0
23703.jpg,0.0
23704.jpg,0.0
23705.jpg,1.0
23706.jpg,1.0
23707.jpg,1.0
23708.jpg,1.0
23709.jpg,1.0
23710.jpg,1.0
23711.jpg,0.0
23712.jpg,0.0
23713.jpg,1.0
23714.jpg,1.0
23715.jpg,0.0
23716.jpg,0.0
23717.jpg,0.0
23718.jpg,0.0
23719.jpg,0.0
23720.jpg,1.0
23721.jpg,1.0
23722.jpg,0.0
23723.jpg,0.0
23724.jpg,0.0
23725.jpg,1.0
23726.jpg,0.0
23727.jpg,1.0
23728.jpg,0.0
23729.jpg,0.0
23730.jpg,0.0
23731.jpg,1.0
23732.jpg,1.0
23733.jpg,0.0
23734.jpg,1.0
23735.jpg,1.0
23736.jpg,1.0
23737.jpg,1.0
23738.jpg,0.0
23739.jpg,1.0
23740.jpg,0.0
23741.jpg,1.0
23742.jpg,1.0
23743.jpg,1.0
23744.jpg,0.0
23745.jpg,1.0
23746.jpg,0.0
23747.jpg,1.0
23748.jpg,1.0
23749.jpg,0.0
23750.jpg,1.0
23751.jpg,0.0
23752.jpg,1.0
23753.jpg,1.0
23754.jpg,0.0
23755.jpg,1.0
23756.jpg,0.0
23757.jpg,0.0
23758.jpg,1.0
23759.jpg,0.0
23760.jpg,1.0
23761.jpg,0.0
23762.jpg,0.0
23763.jpg,1.0
23764.jpg,0.0
23765.jpg,1.0
23766.jpg,0.0
23767.jpg,1.0
23768.jpg,0.0
23769.jpg,0.0
23770.jpg,1.0
23771.jpg,0.0
23772.jpg,1.0
23773.jpg,1.0
23774.jpg,0.0
23775.jpg,1.0
23776.jpg,0.0
23777.jpg,1.0
23778.jpg,1.0
23779.jpg,0.0
23780.jpg,0.0
23781.jpg,0.0
23782.jpg,0.0
23783.jpg,1.0
23784.jpg,1.0
23785.jpg,1.0
23786.jpg,1.0
23787.jpg,1.0
23788.jpg,0.0
23789.jpg,0.0
23790.jpg,1.0
23791.jpg,0.0
23792.jpg,0.0
23793.jpg,1.0
23794.jpg,1.0
23795.jpg,1.0
23796.jpg,1.0
23797.jpg,1.0
23798.jpg,0.0
23799.jpg,1.0
23800.jpg,1.0
23801.jpg,0.0
23802.jpg,0.0
23803.jpg,0.0
23804.jpg,0.0
23805.jpg,1.0
23806.jpg,0.0
23807.jpg,0.0
23808.jpg,1.0
23809.jpg,0.0
23810.jpg,0.0
23811.jpg,1.0
23812.jpg,0.0
23813.jpg,1.0
23814.jpg,0.0
23815.jpg,1.0
23816.jpg,0.0
23817.jpg,0.0
23818.jpg,1.0
23819.jpg,0.0
23820.jpg,1.0
23821.jpg,0.0
23822.jpg,1.0
23823.jpg,0.0
23824.jpg,1.0
23825.jpg,1.0
23826.jpg,0.0
23827.jpg,0.0
23828.jpg,1.0
23829.jpg,0.0
23830.jpg,0.0
23831.jpg,0.0
23832.jpg,1.0
23833.jpg,1.0
23834.jpg,1.0
23835.jpg,0.0
23836.jpg,0.0
23837.jpg,1.0
23838.jpg,1.0
23839.jpg,0.0
23840.jpg,1.0
23841.jpg,1.0
23842.jpg,1.0
23843.jpg,0.0
23844.jpg,0.0
23845.jpg,1.0
23846.jpg,1.0
23847.jpg,0.0
23848.jpg,1.0
23849.jpg,0.0
23850.jpg,0.0
23851.jpg,0.0
23852.jpg,1.0
23853.jpg,0.0
23854.jpg,0.0
23855.jpg,0.0
23856.jpg,1.0
23857.jpg,0.0
23858.jpg,1.0
23859.jpg,0.0
23860.jpg,1.0
23861.jpg,1.0
23862.jpg,1.0
23863.jpg,0.0
23864.jpg,1.0
23865.jpg,0.0
23866.jpg,1.0
23867.jpg,1.0
23868.jpg,0.0
23869.jpg,0.0
23870.jpg,0.0
23871.jpg,1.0
23872.jpg,0.0
23873.jpg,0.0
23874.jpg,1.0
23875.jpg,0.0
23876.jpg,0.0
23877.jpg,0.0
23878.jpg,1.0
23879.jpg,1.0
23880.jpg,1.0
23881.jpg,1.0
23882.jpg,0.0
23883.jpg,0.0
23884.jpg,0.0
23885.jpg,1.0
23886.jpg,1.0
23887.jpg,1.0
23888.jpg,0.0
23889.jpg,1.0
23890.jpg,0.0
23891.jpg,1.0
23892.jpg,1.0
23893.jpg,1.0
23894.jpg,1.0
23895.jpg,1.0
23896.jpg,1.0
23897.jpg,1.0
23898.jpg,1.0
23899.jpg,1.0
23900.jpg,0.0
23901.jpg,1.0
23902.jpg,0.0
23903.jpg,1.0
23904.jpg,0.0
23905.jpg,0.0
23906.jpg,1.0
23907.jpg,1.0
23908.jpg,1.0
23909.jpg,0.0
23910.jpg,0.0
23911.jpg,0.0
23912.jpg,1.0
23913.jpg,0.0
23914.jpg,1.0
23915.jpg,1.0
23916.jpg,1.0
23917.jpg,1.0
23918.jpg,0.0
23919.jpg,1.0
23920.jpg,1.0
23921.jpg,0.0
23922.jpg,0.0
23923.jpg,1.0
23924.jpg,1.0
23925.jpg,0.0
23926.jpg,0.0
23927.jpg,1.0
23928.jpg,1.0
23929.jpg,0.0
23930.jpg,1.0
23931.jpg,0.0
23932.jpg,0.0
23933.jpg,1.0
23934.jpg,0.0
23935.jpg,1.0
23936.jpg,0.0
23937.jpg,1.0
23938.jpg,0.0
23939.jpg,1.0
23940.jpg,1.0
23941.jpg,1.0
23942.jpg,1.0
23943.jpg,1.0
23944.jpg,1.0
23945.jpg,0.0
23946.jpg,1.0
23947.jpg,0.0
23948.jpg,1.0
23949.jpg,1.0
23950.jpg,0.0
23951.jpg,1.0
23952.jpg,1.0
23953.jpg,0.0
23954.jpg,1.0
23955.jpg,0.0
23956.jpg,0.0
23957.jpg,0.0
23958.jpg,1.0
23959.jpg,1.0
23960.jpg,1.0
23961.jpg,1.0
23962.jpg,0.0
23963.jpg,1.0
23964.jpg,0.0
23965.jpg,1.0
23966.jpg,1.0
23967.jpg,0.0
23968.jpg,0.0
23969.jpg,0.0
23970.jpg,0.0
23971.jpg,1.0
23972.jpg,1.0
23973.jpg,0.0
23974.jpg,0.0
23975.jpg,1.0
23976.jpg,1.0
23977.jpg,1.0
23978.jpg,0.0
23979.jpg,1.0
23980.jpg,1.0
23981.jpg,1.0
23982.jpg,1.0
23983.jpg,1.0
23984.jpg,0.0
23985.jpg,1.0
23986.jpg,0.0
23987.jpg,1.0
23988.jpg,0.0
23989.jpg,1.0
23990.jpg,0.0
23991.jpg,0.0
23992.jpg,1.0
23993.jpg,0.0
23994.jpg,0.0
23995.jpg,0.0
23996.jpg,1.0
23997.jpg,0.0
23998.jpg,0.0
23999.jpg,0.0
24000.jpg,1.0
24001.jpg,1.0
24002.jpg,1.0
24003.jpg,0.0
24004.jpg,0.0
24005.jpg,0.0
24006.jpg,0.0
24007.jpg,1.0
24008.jpg,1.0
24009.jpg,1.0
24010.jpg,1.0
24011.jpg,1.0
24012.jpg,1.0
24013.jpg,0.0
24014.jpg,0.0
24015.jpg,1.0
24016.jpg,1.0
24017.jpg,1.0
24018.jpg,0.0
24019.jpg,0.0
24020.jpg,0.0
24021.jpg,1.0
24022.jpg,0.0
24023.jpg,0.0
24024.jpg,1.0
24025.jpg,0.0
24026.jpg,0.0
24027.jpg,0.0
24028.jpg,1.0
24029.jpg,1.0
24030.jpg,0.0
24031.jpg,1.0
24032.jpg,1.0
24033.jpg,0.0
24034.jpg,0.0
24035.jpg,1.0
24036.jpg,1.0
24037.jpg,0.0
24038.jpg,1.0
24039.jpg,1.0
24040.jpg,0.0
24041.jpg,0.0
24042.jpg,1.0
24043.jpg,1.0
24044.jpg,1.0
24045.jpg,0.0
24046.jpg,0.0
24047.jpg,0.0
24048.jpg,1.0
24049.jpg,1.0
24050.jpg,0.0
24051.jpg,1.0
24052.jpg,0.0
24053.jpg,0.0
24054.jpg,0.0
24055.jpg,0.0
24056.jpg,0.0
24057.jpg,1.0
24058.jpg,0.0
24059.jpg,0.0
24060.jpg,1.0
24061.jpg,0.0
24062.jpg,0.0
24063.jpg,0.0
24064.jpg,1.0
24065.jpg,0.0
24066.jpg,0.0
24067.jpg,1.0
24068.jpg,0.0
24069.jpg,0.0
24070.jpg,0.0
24071.jpg,0.0
24072.jpg,0.0
24073.jpg,0.0
24074.jpg,1.0
24075.jpg,1.0
24076.jpg,0.0
24077.jpg,1.0
24078.jpg,1.0
24079.jpg,1.0
24080.jpg,0.0
24081.jpg,0.0
24082.jpg,1.0
24083.jpg,1.0
24084.jpg,0.0
24085.jpg,0.0
24086.jpg,0.0
24087.jpg,1.0
24088.jpg,1.0
24089.jpg,1.0
24090.jpg,1.0
24091.jpg,1.0
24092.jpg,1.0
24093.jpg,1.0
24094.jpg,1.0
24095.jpg,1.0
24096.jpg,1.0
24097.jpg,1.0
24098.jpg,0.0
24099.jpg,0.0
24100.jpg,0.0
24101.jpg,1.0
24102.jpg,0.0
24103.jpg,0.0
24104.jpg,1.0
24105.jpg,1.0
24106.jpg,1.0
24107.jpg,1.0
24108.jpg,1.0
24109.jpg,0.0
24110.jpg,1.0
24111.jpg,1.0
24112.jpg,1.0
24113.jpg,0.0
24114.jpg,0.0
24115.jpg,1.0
24116.jpg,0.0
24117.jpg,1.0
24118.jpg,1.0
24119.jpg,1.0
24120.jpg,1.0
24121.jpg,0.0
24122.jpg,0.0
24123.jpg,1.0
24124.jpg,1.0
24125.jpg,0.0
24126.jpg,1.0
24127.jpg,0.0
24128.jpg,0.0
24129.jpg,1.0
24130.jpg,1.0
24131.jpg,0.0
24132.jpg,0.0
24133.jpg,0.0
24134.jpg,0.0
24135.jpg,0.0
24136.jpg,1.0
24137.jpg,1.0
24138.jpg,0.0
24139.jpg,1.0
24140.jpg,0.0
24141.jpg,1.0
24142.jpg,0.0
24143.jpg,1.0
24144.jpg,0.0
24145.jpg,0.0
24146.jpg,1.0
24147.jpg,1.0
24148.jpg,0.0
24149.jpg,0.0
24150.jpg,0.0
24151.jpg,1.0
24152.jpg,0.0
24153.jpg,1.0
24154.jpg,1.0
24155.jpg,1.0
24156.jpg,1.0
24157.jpg,1.0
24158.jpg,0.0
24159.jpg,1.0
24160.jpg,0.0
24161.jpg,0.0
24162.jpg,0.0
24163.jpg,0.0
24164.jpg,1.0
24165.jpg,0.0
24166.jpg,1.0
24167.jpg,1.0
24168.jpg,1.0
24169.jpg,1.0
24170.jpg,1.0
24171.jpg,0.0
24172.jpg,1.0
24173.jpg,0.0
24174.jpg,0.0
24175.jpg,0.0
24176.jpg,1.0
24177.jpg,0.0
24178.jpg,0.0
24179.jpg,1.0
24180.jpg,1.0
24181.jpg,1.0
24182.jpg,1.0
24183.jpg,1.0
24184.jpg,0.0
24185.jpg,0.0
24186.jpg,0.0
24187.jpg,0.0
24188.jpg,0.0
24189.jpg,0.0
24190.jpg,0.0
24191.jpg,1.0
24192.jpg,1.0
24193.jpg,1.0
24194.jpg,1.0
24195.jpg,0.0
24196.jpg,0.0
24197.jpg,0.0
24198.jpg,0.0
24199.jpg,0.0
24200.jpg,0.0
24201.jpg,0.0
24202.jpg,1.0
24203.jpg,1.0
24204.jpg,1.0
24205.jpg,1.0
24206.jpg,1.0
24207.jpg,1.0
24208.jpg,1.0
24209.jpg,0.0
24210.jpg,0.0
24211.jpg,0.0
24212.jpg,1.0
24213.jpg,0.0
24214.jpg,1.0
24215.jpg,0.0
24216.jpg,0.0
24217.jpg,0.0
24218.jpg,1.0
24219.jpg,1.0
24220.jpg,1.0
24221.jpg,0.0
24222.jpg,1.0
24223.jpg,1.0
24224.jpg,0.0
24225.jpg,1.0
24226.jpg,1.0
24227.jpg,0.0
24228.jpg,1.0
24229.jpg,1.0
24230.jpg,0.0
24231.jpg,1.0
24232.jpg,1.0
24233.jpg,1.0
24234.jpg,1.0
24235.jpg,1.0
24236.jpg,1.0
24237.jpg,1.0
24238.jpg,1.0
24239.jpg,0.0
24240.jpg,0.0
24241.jpg,1.0
24242.jpg,1.0
24243.jpg,0.0
24244.jpg,0.0
24245.jpg,1.0
24246.jpg,0.0
24247.jpg,0.0
24248.jpg,1.0
24249.jpg,1.0
24250.jpg,1.0
24251.jpg,1.0
24252.jpg,1.0
24253.jpg,0.0
24254.jpg,0.0
24255.jpg,0.0
24256.jpg,0.0
24257.jpg,1.0
24258.jpg,0.0
24259.jpg,1.0
24260.jpg,1.0
24261.jpg,1.0
24262.jpg,0.0
24263.jpg,1.0
24264.jpg,1.0
24265.jpg,1.0
24266.jpg,0.0
24267.jpg,1.0
24268.jpg,0.0
24269.jpg,0.0
24270.jpg,0.0
24271.jpg,0.0
24272.jpg,1.0
24273.jpg,0.0
24274.jpg,1.0
24275.jpg,0.0
24276.jpg,0.0
24277.jpg,1.0
24278.jpg,1.0
24279.jpg,1.0
24280.jpg,1.0
24281.jpg,0.0
24282.jpg,0.0
24283.jpg,0.0
24284.jpg,0.0
24285.jpg,1.0
24286.jpg,1.0
24287.jpg,0.0
24288.jpg,0.0
24289.jpg,0.0
24290.jpg,0.0
24291.jpg,0.0
24292.jpg,1.0
24293.jpg,0.0
24294.jpg,1.0
24295.jpg,0.0
24296.jpg,0.0
24297.jpg,0.0
24298.jpg,0.0
24299.jpg,0.0
24300.jpg,0.0
24301.jpg,1.0
24302.jpg,1.0
24303.jpg,0.0
24304.jpg,1.0
24305.jpg,0.0
24306.jpg,1.0
24307.jpg,1.0
24308.jpg,0.0
24309.jpg,0.0
24310.jpg,0.0
24311.jpg,1.0
24312.jpg,0.0
24313.jpg,1.0
24314.jpg,1.0
24315.jpg,0.0
24316.jpg,0.0
24317.jpg,0.0
24318.jpg,0.0
24319.jpg,1.0
24320.jpg,0.0
24321.jpg,1.0
24322.jpg,1.0
24323.jpg,1.0
24324.jpg,1.0
24325.jpg,1.0
24326.jpg,0.0
24327.jpg,1.0
24328.jpg,0.0
24329.jpg,1.0
24330.jpg,0.0
24331.jpg,0.0
24332.jpg,0.0
24333.jpg,0.0
24334.jpg,1.0
24335.jpg,0.0
24336.jpg,0.0
24337.jpg,0.0
24338.jpg,0.0
24339.jpg,1.0
24340.jpg,0.0
24341.jpg,1.0
24342.jpg,1.0
24343.jpg,0.0
24344.jpg,1.0
24345.jpg,1.0
24346.jpg,0.0
24347.jpg,0.0
24348.jpg,0.0
24349.jpg,0.0
24350.jpg,0.0
24351.jpg,1.0
24352.jpg,0.0
24353.jpg,1.0
24354.jpg,1.0
24355.jpg,0.0
24356.jpg,0.0
24357.jpg,1.0
24358.jpg,0.0
24359.jpg,0.0
24360.jpg,1.0
24361.jpg,0.0
24362.jpg,1.0
24363.jpg,0.0
24364.jpg,0.0
24365.jpg,0.0
24366.jpg,1.0
24367.jpg,0.0
24368.jpg,0.0
24369.jpg,1.0
24370.jpg,1.0
24371.jpg,1.0
24372.jpg,1.0
24373.jpg,1.0
24374.jpg,1.0
24375.jpg,0.0
24376.jpg,1.0
24377.jpg,1.0
24378.jpg,0.0
24379.jpg,1.0
24380.jpg,0.0
24381.jpg,0.0
24382.jpg,0.0
24383.jpg,1.0
24384.jpg,1.0
24385.jpg,0.0
24386.jpg,1.0
24387.jpg,1.0
24388.jpg,1.0
24389.jpg,0.0
24390.jpg,1.0
24391.jpg,1.0
24392.jpg,0.0
24393.jpg,0.0
24394.jpg,0.0
24395.jpg,1.0
24396.jpg,1.0
24397.jpg,1.0
24398.jpg,0.0
24399.jpg,0.0
24400.jpg,1.0
24401.jpg,1.0
24402.jpg,0.0
24403.jpg,1.0
24404.jpg,0.0
24405.jpg,1.0
24406.jpg,0.0
24407.jpg,0.0
24408.jpg,0.0
24409.jpg,0.0
24410.jpg,1.0
24411.jpg,1.0
24412.jpg,1.0
24413.jpg,1.0
24414.jpg,0.0
24415.jpg,1.0
24416.jpg,0.0
24417.jpg,1.0
24418.jpg,0.0
24419.jpg,1.0
24420.jpg,0.0
24421.jpg,0.0
24422.jpg,1.0
24423.jpg,0.0
24424.jpg,0.0
24425.jpg,1.0
24426.jpg,0.0
24427.jpg,1.0
24428.jpg,1.0
24429.jpg,1.0
24430.jpg,1.0
24431.jpg,0.0
24432.jpg,0.0
24433.jpg,1.0
24434.jpg,0.0
24435.jpg,1.0
24436.jpg,0.0
24437.jpg,0.0
24438.jpg,1.0
24439.jpg,0.0
24440.jpg,1.0
24441.jpg,1.0
24442.jpg,0.0
24443.jpg,1.0
24444.jpg,0.0
24445.jpg,1.0
24446.jpg,0.0
24447.jpg,1.0
24448.jpg,1.0
24449.jpg,1.0
24450.jpg,0.0
24451.jpg,0.0
24452.jpg,1.0
24453.jpg,0.0
24454.jpg,1.0
24455.jpg,0.0
24456.jpg,0.0
24457.jpg,1.0
24458.jpg,0.0
24459.jpg,0.0
24460.jpg,1.0
24461.jpg,0.0
24462.jpg,1.0
24463.jpg,0.0
24464.jpg,0.0
24465.jpg,0.0
24466.jpg,1.0
24467.jpg,1.0
24468.jpg,0.0
24469.jpg,1.0
24470.jpg,1.0
24471.jpg,0.0
24472.jpg,0.0
24473.jpg,0.0
24474.jpg,0.0
24475.jpg,1.0
24476.jpg,0.0
24477.jpg,1.0
24478.jpg,1.0
24479.jpg,0.0
24480.jpg,1.0
24481.jpg,0.0
24482.jpg,0.0
24483.jpg,0.0
24484.jpg,0.0
24485.jpg,1.0
24486.jpg,0.0
24487.jpg,1.0
24488.jpg,0.0
24489.jpg,1.0
24490.jpg,1.0
24491.jpg,0.0
24492.jpg,1.0
24493.jpg,0.0
24494.jpg,0.0
24495.jpg,0.0
24496.jpg,1.0
24497.jpg,0.0
24498.jpg,0.0
24499.jpg,0.0
24500.jpg,0.0
24501.jpg,0.0
24502.jpg,1.0
24503.jpg,0.0
24504.jpg,0.0
24505.jpg,1.0
24506.jpg,1.0
24507.jpg,1.0
24508.jpg,0.0
24509.jpg,1.0
24510.jpg,0.0
24511.jpg,0.0
24512.jpg,1.0
24513.jpg,0.0
24514.jpg,0.0
24515.jpg,0.0
24516.jpg,0.0
24517.jpg,0.0
24518.jpg,0.0
24519.jpg,1.0
24520.jpg,0.0
24521.jpg,1.0
24522.jpg,0.0
24523.jpg,0.0
24524.jpg,0.0
24525.jpg,0.0
24526.jpg,1.0
24527.jpg,1.0
24528.jpg,0.0
24529.jpg,1.0
24530.jpg,1.0
24531.jpg,0.0
24532.jpg,0.0
24533.jpg,0.0
24534.jpg,1.0
24535.jpg,0.0
24536.jpg,0.0
24537.jpg,1.0
24538.jpg,1.0
24539.jpg,1.0
24540.jpg,0.0
24541.jpg,0.0
24542.jpg,0.0
24543.jpg,0.0
24544.jpg,1.0
24545.jpg,0.0
24546.jpg,1.0
24547.jpg,0.0
24548.jpg,0.0
24549.jpg,0.0
24550.jpg,1.0
24551.jpg,1.0
24552.jpg,0.0
24553.jpg,1.0
24554.jpg,0.0
24555.jpg,0.0
24556.jpg,0.0
24557.jpg,1.0
24558.jpg,1.0
24559.jpg,0.0
24560.jpg,0.0
24561.jpg,0.0
24562.jpg,0.0
24563.jpg,0.0
24564.jpg,0.0
24565.jpg,1.0
24566.jpg,0.0
24567.jpg,1.0
24568.jpg,0.0
24569.jpg,0.0
24570.jpg,0.0
24571.jpg,1.0
24572.jpg,0.0
24573.jpg,0.0
24574.jpg,0.0
24575.jpg,1.0
24576.jpg,1.0
24577.jpg,0.0
24578.jpg,1.0
24579.jpg,1.0
24580.jpg,1.0
24581.jpg,1.0
24582.jpg,1.0
24583.jpg,1.0
24584.jpg,0.0
24585.jpg,0.0
24586.jpg,1.0
24587.jpg,1.0
24588.jpg,1.0
24589.jpg,1.0
24590.jpg,1.0
24591.jpg,0.0
24592.jpg,0.0
24593.jpg,0.0
24594.jpg,0.0
24595.jpg,0.0
24596.jpg,0.0
24597.jpg,1.0
24598.jpg,0.0
24599.jpg,0.0
24600.jpg,0.0
24601.jpg,0.0
24602.jpg,1.0
24603.jpg,1.0
24604.jpg,1.0
24605.jpg,1.0
24606.jpg,0.0
24607.jpg,0.0
24608.jpg,1.0
24609.jpg,0.0
24610.jpg,0.0
24611.jpg,0.0
24612.jpg,1.0
24613.jpg,1.0
24614.jpg,0.0
24615.jpg,1.0
24616.jpg,0.0
24617.jpg,1.0
24618.jpg,0.0
24619.jpg,0.0
24620.jpg,0.0
24621.jpg,0.0
24622.jpg,0.0
24623.jpg,0.0
24624.jpg,1.0
24625.jpg,1.0
24626.jpg,1.0
24627.jpg,1.0
24628.jpg,1.0
24629.jpg,0.0
24630.jpg,0.0
24631.jpg,1.0
24632.jpg,1.0
24633.jpg,1.0
24634.jpg,1.0
24635.jpg,1.0
24636.jpg,0.0
24637.jpg,0.0
24638.jpg,1.0
24639.jpg,1.0
24640.jpg,1.0
24641.jpg,1.0
24642.jpg,1.0
24643.jpg,1.0
24644.jpg,1.0
24645.jpg,1.0
24646.jpg,0.0
24647.jpg,1.0
24648.jpg,0.0
24649.jpg,0.0
24650.jpg,0.0
24651.jpg,1.0
24652.jpg,1.0
24653.jpg,0.0
24654.jpg,1.0
24655.jpg,1.0
24656.jpg,0.0
24657.jpg,1.0
24658.jpg,1.0
24659.jpg,0.0
24660.jpg,0.0
24661.jpg,1.0
24662.jpg,0.0
24663.jpg,1.0
24664.jpg,0.0
24665.jpg,1.0
24666.jpg,0.0
24667.jpg,0.0
24668.jpg,1.0
24669.jpg,1.0
24670.jpg,1.0
24671.jpg,0.0
24672.jpg,0.0
24673.jpg,0.0
24674.jpg,0.0
24675.jpg,0.0
24676.jpg,0.0
24677.jpg,1.0
24678.jpg,0.0
24679.jpg,1.0
24680.jpg,0.0
24681.jpg,0.0
24682.jpg,1.0
24683.jpg,1.0
24684.jpg,0.0
24685.jpg,0.0
24686.jpg,0.0
24687.jpg,1.0
24688.jpg,1.0
24689.jpg,1.0
24690.jpg,0.0
24691.jpg,1.0
24692.jpg,1.0
24693.jpg,1.0
24694.jpg,1.0
24695.jpg,1.0
24696.jpg,0.0
24697.jpg,1.0
24698.jpg,0.0
24699.jpg,0.0
24700.jpg,1.0
24701.jpg,1.0
24702.jpg,0.0
24703.jpg,0.0
24704.jpg,1.0
24705.jpg,1.0
24706.jpg,1.0
24707.jpg,1.0
24708.jpg,0.0
24709.jpg,1.0
24710.jpg,1.0
24711.jpg,1.0
24712.jpg,0.0
24713.jpg,0.0
24714.jpg,0.0
24715.jpg,1.0
24716.jpg,0.0
24717.jpg,0.0
24718.jpg,1.0
24719.jpg,0.0
24720.jpg,1.0
24721.jpg,1.0
24722.jpg,0.0
24723.jpg,1.0
24724.jpg,1.0
24725.jpg,0.0
24726.jpg,0.0
24727.jpg,1.0
24728.jpg,1.0
24729.jpg,0.0
24730.jpg,0.0
24731.jpg,0.0
24732.jpg,0.0
24733.jpg,1.0
24734.jpg,1.0
24735.jpg,1.0
24736.jpg,1.0
24737.jpg,1.0
24738.jpg,0.0
24739.jpg,0.0
24740.jpg,0.0
24741.jpg,0.0
24742.jpg,0.0
24743.jpg,0.0
24744.jpg,1.0
24745.jpg,0.0
24746.jpg,1.0
24747.jpg,0.0
24748.jpg,1.0
24749.jpg,0.0
24750.jpg,1.0
24751.jpg,0.0
24752.jpg,1.0
24753.jpg,0.0
24754.jpg,0.0
24755.jpg,0.0
24756.jpg,1.0
24757.jpg,0.0
24758.jpg,0.0
24759.jpg,1.0
24760.jpg,1.0
24761.jpg,1.0
24762.jpg,0.0
24763.jpg,1.0
24764.jpg,1.0
24765.jpg,1.0
24766.jpg,1.0
24767.jpg,1.0
24768.jpg,0.0
24769.jpg,0.0
24770.jpg,0.0
24771.jpg,1.0
24772.jpg,0.0
24773.jpg,1.0
24774.jpg,0.0
24775.jpg,1.0
24776.jpg,0.0
24777.jpg,0.0
24778.jpg,0.0
24779.jpg,1.0
24780.jpg,1.0
24781.jpg,0.0
24782.jpg,1.0
24783.jpg,1.0
24784.jpg,0.0
24785.jpg,1.0
24786.jpg,1.0
24787.jpg,0.0
24788.jpg,0.0
24789.jpg,1.0
24790.jpg,1.0
24791.jpg,1.0
24792.jpg,1.0
24793.jpg,0.0
24794.jpg,1.0
24795.jpg,0.0
24796.jpg,1.0
24797.jpg,1.0
24798.jpg,0.0
24799.jpg,1.0
24800.jpg,1.0
24801.jpg,0.0
24802.jpg,0.0
24803.jpg,1.0
24804.jpg,0.0
24805.jpg,1.0
24806.jpg,0.0
24807.jpg,0.0
24808.jpg,0.0
24809.jpg,1.0
24810.jpg,1.0
24811.jpg,0.0
24812.jpg,1.0
24813.jpg,1.0
24814.jpg,0.0
24815.jpg,0.0
24816.jpg,0.0
24817.jpg,1.0
24818.jpg,0.0
24819.jpg,0.0
24820.jpg,0.0
24821.jpg,0.0
24822.jpg,1.0
24823.jpg,1.0
24824.jpg,0.0
24825.jpg,0.0
24826.jpg,1.0
24827.jpg,1.0
24828.jpg,0.0
24829.jpg,0.0
24830.jpg,1.0
24831.jpg,0.0
24832.jpg,1.0
24833.jpg,0.0
24834.jpg,1.0
24835.jpg,0.0
24836.jpg,1.0
24837.jpg,0.0
24838.jpg,1.0
24839.jpg,0.0
24840.jpg,1.0
24841.jpg,0.0
24842.jpg,0.0
24843.jpg,0.0
24844.jpg,1.0
24845.jpg,0.0
24846.jpg,0.0
24847.jpg,1.0
24848.jpg,1.0
24849.jpg,1.0
24850.jpg,0.0
24851.jpg,1.0
24852.jpg,1.0
24853.jpg,0.0
24854.jpg,0.0
24855.jpg,1.0
24856.jpg,0.0
24857.jpg,0.0
24858.jpg,0.0
24859.jpg,1.0
24860.jpg,1.0
24861.jpg,0.0
24862.jpg,1.0
24863.jpg,0.0
24864.jpg,1.0
24865.jpg,0.0
24866.jpg,1.0
24867.jpg,0.0
24868.jpg,0.0
24869.jpg,1.0
24870.jpg,1.0
24871.jpg,0.0
24872.jpg,1.0
24873.jpg,0.0
24874.jpg,1.0
24875.jpg,1.0
24876.jpg,1.0
24877.jpg,0.0
24878.jpg,1.0
24879.jpg,0.0
24880.jpg,1.0
24881.jpg,1.0
24882.jpg,0.0
24883.jpg,1.0
24884.jpg,1.0
24885.jpg,1.0
24886.jpg,1.0
24887.jpg,0.0
24888.jpg,1.0
24889.jpg,0.0
24890.jpg,1.0
24891.jpg,0.0
24892.jpg,1.0
24893.jpg,0.0
24894.jpg,0.0
24895.jpg,0.0
24896.jpg,0.0
24897.jpg,1.0
24898.jpg,1.0
24899.jpg,0.0
24900.jpg,0.0
24901.jpg,1.0
24902.jpg,0.0
24903.jpg,1.0
24904.jpg,1.0
24905.jpg,1.0
24906.jpg,1.0
24907.jpg,0.0
24908.jpg,0.0
24909.jpg,0.0
24910.jpg,1.0
24911.jpg,1.0
24912.jpg,0.0
24913.jpg,0.0
24914.jpg,0.0
24915.jpg,0.0
24916.jpg,0.0
24917.jpg,0.0
24918.jpg,1.0
24919.jpg,0.0
24920.jpg,1.0
24921.jpg,1.0
24922.jpg,0.0
24923.jpg,0.0
24924.jpg,0.0
24925.jpg,1.0
24926.jpg,1.0
24927.jpg,0.0
24928.jpg,1.0
24929.jpg,1.0
24930.jpg,0.0
24931.jpg,1.0
24932.jpg,0.0
24933.jpg,1.0
24934.jpg,1.0
24935.jpg,1.0
24936.jpg,0.0
24937.jpg,0.0
24938.jpg,1.0
24939.jpg,0.0
24940.jpg,1.0
24941.jpg,0.0
24942.jpg,0.0
24943.jpg,1.0
24944.jpg,0.0
24945.jpg,1.0
24946.jpg,0.0
24947.jpg,1.0
24948.jpg,0.0
24949.jpg,0.0
24950.jpg,0.0
24951.jpg,1.0
24952.jpg,1.0
24953.jpg,1.0
24954.jpg,0.0
24955.jpg,1.0
24956.jpg,0.0
24957.jpg,0.0
24958.jpg,0.0
24959.jpg,0.0
24960.jpg,1.0
24961.jpg,0.0
24962.jpg,0.0
24963.jpg,0.0
24964.jpg,0.0
24965.jpg,1.0
24966.jpg,0.0
24967.jpg,0.0
24968.jpg,0.0
24969.jpg,1.0
24970.jpg,1.0
24971.jpg,1.0
24972.jpg,0.0
24973.jpg,1.0
24974.jpg,0.0
24975.jpg,0.0
24976.jpg,1.0
24977.jpg,0.0
24978.jpg,1.0
24979.jpg,1.0
24980.jpg,0.0
24981.jpg,1.0
24982.jpg,0.0
24983.jpg,1.0
24984.jpg,1.0
24985.jpg,1.0
24986.jpg,1.0
24987.jpg,1.0
24988.jpg,0.0
24989.jpg,1.0
24990.jpg,0.0
24991.jpg,1.0
24992.jpg,0.0
24993.jpg,1.0
24994.jpg,0.0
24995.jpg,1.0
24996.jpg,1.0
24997.jpg,0.0
24998.jpg,0.0
24999.jpg,1.0
25000.jpg,0.0
25001.jpg,1.0
25002.jpg,0.0
25003.jpg,0.0
25004.jpg,0.0
25005.jpg,1.0
25006.jpg,1.0
25007.jpg,1.0
25008.jpg,0.0
25009.jpg,1.0
25010.jpg,0.0
25011.jpg,1.0
25012.jpg,0.0
25013.jpg,1.0
25014.jpg,0.0
25015.jpg,1.0
25016.jpg,0.0
25017.jpg,1.0
25018.jpg,0.0
25019.jpg,1.0
25020.jpg,0.0
25021.jpg,1.0
25022.jpg,0.0
25023.jpg,1.0
25024.jpg,0.0
25025.jpg,1.0
25026.jpg,1.0
25027.jpg,0.0
25028.jpg,0.0
25029.jpg,1.0
25030.jpg,1.0
25031.jpg,0.0
25032.jpg,1.0
25033.jpg,0.0
25034.jpg,1.0
25035.jpg,0.0
25036.jpg,0.0
25037.jpg,1.0
25038.jpg,1.0
25039.jpg,1.0
25040.jpg,0.0
25041.jpg,0.0
25042.jpg,1.0
25043.jpg,1.0
25044.jpg,1.0
25045.jpg,1.0
25046.jpg,0.0
25047.jpg,1.0
25048.jpg,1.0
25049.jpg,0.0
25050.jpg,0.0
25051.jpg,0.0
25052.jpg,0.0
25053.jpg,1.0
25054.jpg,1.0
25055.jpg,1.0
25056.jpg,1.0
25057.jpg,0.0
25058.jpg,1.0
25059.jpg,0.0
25060.jpg,0.0
25061.jpg,1.0
25062.jpg,0.0
25063.jpg,1.0
25064.jpg,1.0
25065.jpg,0.0
25066.jpg,1.0
25067.jpg,0.0
25068.jpg,0.0
25069.jpg,0.0
25070.jpg,1.0
25071.jpg,0.0
25072.jpg,1.0
25073.jpg,0.0
25074.jpg,1.0
25075.jpg,1.0
25076.jpg,0.0
25077.jpg,1.0
25078.jpg,1.0
25079.jpg,0.0
25080.jpg,1.0
25081.jpg,0.0
25082.jpg,0.0
25083.jpg,0.0
25084.jpg,0.0
25085.jpg,0.0
25086.jpg,1.0
25087.jpg,1.0
25088.jpg,1.0
25089.jpg,0.0
25090.jpg,0.0
25091.jpg,0.0
25092.jpg,0.0
25093.jpg,1.0
25094.jpg,0.0
25095.jpg,1.0
25096.jpg,1.0
25097.jpg,0.0
25098.jpg,0.0
25099.jpg,1.0
25100.jpg,1.0
25101.jpg,0.0
25102.jpg,1.0
25103.jpg,1.0
25104.jpg,0.0
25105.jpg,0.0
25106.jpg,0.0
25107.jpg,0.0
25108.jpg,0.0
25109.jpg,1.0
25110.jpg,1.0
25111.jpg,1.0
25112.jpg,1.0
25113.jpg,0.0
25114.jpg,1.0
25115.jpg,1.0
25116.jpg,1.0
25117.jpg,1.0
25118.jpg,1.0
25119.jpg,1.0
25120.jpg,0.0
25121.jpg,0.0
25122.jpg,0.0
25123.jpg,0.0
25124.jpg,0.0
25125.jpg,1.0
25126.jpg,1.0
25127.jpg,0.0
25128.jpg,0.0
25129.jpg,0.0
25130.jpg,0.0
25131.jpg,1.0
25132.jpg,0.0
25133.jpg,1.0
25134.jpg,1.0
25135.jpg,0.0
25136.jpg,0.0
25137.jpg,1.0
25138.jpg,1.0
25139.jpg,0.0
25140.jpg,1.0
25141.jpg,1.0
25142.jpg,0.0
25143.jpg,1.0
25144.jpg,1.0
25145.jpg,1.0
25146.jpg,0.0
25147.jpg,1.0
25148.jpg,0.0
25149.jpg,0.0
25150.jpg,1.0
25151.jpg,0.0
25152.jpg,1.0
25153.jpg,0.0
25154.jpg,0.0
25155.jpg,0.0
25156.jpg,1.0
25157.jpg,0.0
25158.jpg,0.0
25159.jpg,1.0
25160.jpg,0.0
25161.jpg,1.0
25162.jpg,1.0
25163.jpg,0.0
25164.jpg,0.0
25165.jpg,1.0
25166.jpg,0.0
25167.jpg,1.0
25168.jpg,0.0
25169.jpg,0.0
25170.jpg,0.0
25171.jpg,1.0
25172.jpg,0.0
25173.jpg,1.0
25174.jpg,1.0
25175.jpg,0.0
25176.jpg,0.0
25177.jpg,1.0
25178.jpg,0.0
25179.jpg,0.0
25180.jpg,1.0
25181.jpg,1.0
25182.jpg,1.0
25183.jpg,0.0
25184.jpg,1.0
25185.jpg,1.0
25186.jpg,1.0
25187.jpg,0.0
25188.jpg,0.0
25189.jpg,0.0
25190.jpg,1.0
25191.jpg,1.0
25192.jpg,1.0
25193.jpg,0.0
25194.jpg,0.0
25195.jpg,1.0
25196.jpg,1.0
25197.jpg,0.0
25198.jpg,0.0
25199.jpg,0.0
25200.jpg,0.0
25201.jpg,1.0
25202.jpg,0.0
25203.jpg,0.0
25204.jpg,1.0
25205.jpg,0.0
25206.jpg,0.0
25207.jpg,0.0
25208.jpg,0.0
25209.jpg,1.0
25210.jpg,1.0
25211.jpg,1.0
25212.jpg,1.0
25213.jpg,1.0
25214.jpg,0.0
25215.jpg,1.0
25216.jpg,0.0
25217.jpg,0.0
25218.jpg,0.0
25219.jpg,0.0
25220.jpg,1.0
25221.jpg,0.0
25222.jpg,0.0
25223.jpg,0.0
25224.jpg,0.0
25225.jpg,1.0
25226.jpg,0.0
25227.jpg,1.0
25228.jpg,0.0
25229.jpg,1.0
25230.jpg,1.0
25231.jpg,1.0
25232.jpg,0.0
25233.jpg,0.0
25234.jpg,1.0
25235.jpg,1.0
25236.jpg,1.0
25237.jpg,1.0
25238.jpg,0.0
25239.jpg,1.0
25240.jpg,1.0
25241.jpg,1.0
25242.jpg,0.0
25243.jpg,0.0
25244.jpg,0.0
25245.jpg,1.0
25246.jpg,1.0
25247.jpg,0.0
25248.jpg,1.0
25249.jpg,0.0
25250.jpg,1.0
25251.jpg,0.0
25252.jpg,1.0
25253.jpg,1.0
25254.jpg,1.0
25255.jpg,1.0
25256.jpg,1.0
25257.jpg,0.0
25258.jpg,0.0
25259.jpg,1.0
25260.jpg,0.0
25261.jpg,0.0
25262.jpg,0.0
25263.jpg,1.0
25264.jpg,0.0
25265.jpg,0.0
25266.jpg,0.0
25267.jpg,1.0
25268.jpg,1.0
25269.jpg,1.0
25270.jpg,0.0
25271.jpg,1.0
25272.jpg,1.0
25273.jpg,0.0
25274.jpg,0.0
25275.jpg,1.0
25276.jpg,0.0
25277.jpg,0.0
25278.jpg,0.0
25279.jpg,1.0
25280.jpg,1.0
25281.jpg,1.0
25282.jpg,0.0
25283.jpg,0.0
25284.jpg,0.0
25285.jpg,1.0
25286.jpg,0.0
25287.jpg,0.0
25288.jpg,1.0
25289.jpg,0.0
25290.jpg,1.0
25291.jpg,1.0
25292.jpg,1.0
25293.jpg,1.0
25294.jpg,1.0
25295.jpg,1.0
25296.jpg,0.0
25297.jpg,0.0
25298.jpg,0.0
25299.jpg,1.0
25300.jpg,1.0
25301.jpg,1.0
25302.jpg,0.0
25303.jpg,0.0
25304.jpg,0.0
25305.jpg,1.0
25306.jpg,0.0
25307.jpg,0.0
25308.jpg,1.0
25309.jpg,1.0
25310.jpg,1.0
25311.jpg,1.0
25312.jpg,0.0
25313.jpg,1.0
25314.jpg,1.0
25315.jpg,0.0
25316.jpg,1.0
25317.jpg,1.0
25318.jpg,1.0
25319.jpg,0.0
25320.jpg,0.0
25321.jpg,0.0
25322.jpg,1.0
25323.jpg,0.0
25324.jpg,1.0
25325.jpg,0.0
25326.jpg,0.0
25327.jpg,1.0
25328.jpg,0.0
25329.jpg,1.0
25330.jpg,1.0
25331.jpg,1.0
25332.jpg,0.0
25333.jpg,0.0
25334.jpg,0.0
25335.jpg,0.0
25336.jpg,1.0
25337.jpg,1.0
25338.jpg,0.0
25339.jpg,1.0
25340.jpg,1.0
25341.jpg,0.0
25342.jpg,0.0
25343.jpg,1.0
25344.jpg,1.0
25345.jpg,1.0
25346.jpg,0.0
25347.jpg,1.0
25348.jpg,1.0
25349.jpg,0.0
25350.jpg,0.0
25351.jpg,1.0
25352.jpg,1.0
25353.jpg,0.0
25354.jpg,1.0
25355.jpg,0.0
25356.jpg,0.0
25357.jpg,1.0
25358.jpg,1.0
25359.jpg,0.0
25360.jpg,0.0
25361.jpg,0.0
25362.jpg,0.0
25363.jpg,1.0
25364.jpg,0.0
25365.jpg,0.0
25366.jpg,0.0
25367.jpg,1.0
25368.jpg,0.0
25369.jpg,0.0
25370.jpg,0.0
25371.jpg,0.0
25372.jpg,1.0
25373.jpg,1.0
25374.jpg,0.0
25375.jpg,0.0
25376.jpg,0.0
25377.jpg,1.0
25378.jpg,1.0
25379.jpg,1.0
25380.jpg,1.0
25381.jpg,0.0
25382.jpg,1.0
25383.jpg,1.0
25384.jpg,0.0
25385.jpg,1.0
25386.jpg,1.0
25387.jpg,1.0
25388.jpg,1.0
25389.jpg,1.0
25390.jpg,1.0
25391.jpg,0.0
25392.jpg,0.0
25393.jpg,1.0
25394.jpg,0.0
25395.jpg,1.0
25396.jpg,1.0
25397.jpg,1.0
25398.jpg,1.0
25399.jpg,1.0
25400.jpg,1.0
25401.jpg,0.0
25402.jpg,1.0
25403.jpg,0.0
25404.jpg,1.0
25405.jpg,1.0
25406.jpg,1.0
25407.jpg,1.0
25408.jpg,1.0
25409.jpg,1.0
25410.jpg,1.0
25411.jpg,1.0
25412.jpg,1.0
25413.jpg,1.0
25414.jpg,0.0
25415.jpg,1.0
25416.jpg,1.0
25417.jpg,1.0
25418.jpg,1.0
25419.jpg,1.0
25420.jpg,0.0
25421.jpg,0.0
25422.jpg,1.0
25423.jpg,1.0
25424.jpg,0.0
25425.jpg,0.0
25426.jpg,0.0
25427.jpg,0.0
25428.jpg,0.0
25429.jpg,0.0
25430.jpg,0.0
25431.jpg,1.0
25432.jpg,0.0
25433.jpg,1.0
25434.jpg,1.0
25435.jpg,1.0
25436.jpg,1.0
25437.jpg,1.0
25438.jpg,0.0
25439.jpg,0.0
25440.jpg,1.0
25441.jpg,1.0
25442.jpg,0.0
25443.jpg,0.0
25444.jpg,1.0
25445.jpg,0.0
25446.jpg,0.0
25447.jpg,0.0
25448.jpg,0.0
25449.jpg,1.0
25450.jpg,0.0
25451.jpg,0.0
25452.jpg,1.0
25453.jpg,1.0
25454.jpg,0.0
25455.jpg,0.0
25456.jpg,0.0
25457.jpg,0.0
25458.jpg,1.0
25459.jpg,0.0
25460.jpg,1.0
25461.jpg,1.0
25462.jpg,1.0
25463.jpg,1.0
25464.jpg,0.0
25465.jpg,1.0
25466.jpg,1.0
25467.jpg,0.0
25468.jpg,1.0
25469.jpg,1.0
25470.jpg,0.0
25471.jpg,0.0
25472.jpg,0.0
25473.jpg,1.0
25474.jpg,1.0
25475.jpg,0.0
25476.jpg,1.0
25477.jpg,1.0
25478.jpg,1.0
25479.jpg,1.0
25480.jpg,1.0
25481.jpg,0.0
25482.jpg,1.0
25483.jpg,1.0
25484.jpg,1.0
25485.jpg,0.0
25486.jpg,0.0
25487.jpg,1.0
25488.jpg,1.0
25489.jpg,1.0
25490.jpg,1.0
25491.jpg,0.0
25492.jpg,1.0
25493.jpg,1.0
25494.jpg,1.0
25495.jpg,1.0
25496.jpg,1.0
25497.jpg,0.0
25498.jpg,0.0
25499.jpg,0.0
25500.jpg,0.0
25501.jpg,1.0
25502.jpg,1.0
25503.jpg,1.0
25504.jpg,0.0
25505.jpg,0.0
25506.jpg,1.0
25507.jpg,0.0
25508.jpg,0.0
25509.jpg,1.0
25510.jpg,0.0
25511.jpg,1.0
25512.jpg,0.0
25513.jpg,0.0
25514.jpg,0.0
25515.jpg,1.0
25516.jpg,1.0
25517.jpg,1.0
25518.jpg,1.0
25519.jpg,1.0
25520.jpg,0.0
25521.jpg,0.0
25522.jpg,1.0
25523.jpg,0.0
25524.jpg,0.0
25525.jpg,1.0
25526.jpg,0.0
25527.jpg,1.0
25528.jpg,0.0
25529.jpg,1.0
25530.jpg,1.0
25531.jpg,1.0
25532.jpg,0.0
25533.jpg,1.0
25534.jpg,1.0
25535.jpg,0.0
25536.jpg,0.0
25537.jpg,1.0
25538.jpg,1.0
25539.jpg,0.0
25540.jpg,1.0
25541.jpg,1.0
25542.jpg,1.0
25543.jpg,1.0
25544.jpg,1.0
25545.jpg,0.0
25546.jpg,1.0
25547.jpg,1.0
25548.jpg,0.0
25549.jpg,1.0
25550.jpg,1.0
25551.jpg,0.0
25552.jpg,1.0
25553.jpg,0.0
25554.jpg,0.0
25555.jpg,0.0
25556.jpg,1.0
25557.jpg,0.0
25558.jpg,0.0
25559.jpg,1.0
25560.jpg,0.0
25561.jpg,1.0
25562.jpg,0.0
25563.jpg,1.0
25564.jpg,1.0
25565.jpg,0.0
25566.jpg,1.0
25567.jpg,1.0
25568.jpg,1.0
25569.jpg,0.0
25570.jpg,1.0
25571.jpg,1.0
25572.jpg,0.0
25573.jpg,1.0
25574.jpg,1.0
25575.jpg,1.0
25576.jpg,0.0
25577.jpg,0.0
25578.jpg,0.0
25579.jpg,0.0
25580.jpg,0.0
25581.jpg,0.0
25582.jpg,1.0
25583.jpg,1.0
25584.jpg,1.0
25585.jpg,1.0
25586.jpg,1.0
25587.jpg,0.0
25588.jpg,1.0
25589.jpg,1.0
25590.jpg,0.0
25591.jpg,1.0
25592.jpg,1.0
25593.jpg,0.0
25594.jpg,0.0
25595.jpg,1.0
25596.jpg,0.0
25597.jpg,1.0
25598.jpg,1.0
25599.jpg,1.0
25600.jpg,1.0
25601.jpg,0.0
25602.jpg,1.0
25603.jpg,0.0
25604.jpg,1.0
25605.jpg,1.0
25606.jpg,1.0
25607.jpg,1.0
25608.jpg,1.0
25609.jpg,1.0
25610.jpg,0.0
25611.jpg,0.0
25612.jpg,0.0
25613.jpg,1.0
25614.jpg,0.0
25615.jpg,1.0
25616.jpg,1.0
25617.jpg,1.0
25618.jpg,1.0
25619.jpg,1.0
25620.jpg,1.0
25621.jpg,1.0
25622.jpg,1.0
25623.jpg,1.0
25624.jpg,0.0
25625.jpg,0.0
25626.jpg,0.0
25627.jpg,0.0
25628.jpg,1.0
25629.jpg,0.0
25630.jpg,0.0
25631.jpg,0.0
25632.jpg,1.0
25633.jpg,0.0
25634.jpg,0.0
25635.jpg,1.0
25636.jpg,1.0
25637.jpg,1.0
25638.jpg,1.0
25639.jpg,0.0
25640.jpg,0.0
25641.jpg,0.0
25642.jpg,0.0
25643.jpg,0.0
25644.jpg,1.0
25645.jpg,0.0
25646.jpg,0.0
25647.jpg,0.0
25648.jpg,0.0
25649.jpg,0.0
25650.jpg,0.0
25651.jpg,1.0
25652.jpg,1.0
25653.jpg,1.0
25654.jpg,0.0
25655.jpg,0.0
25656.jpg,0.0
25657.jpg,0.0
25658.jpg,1.0
25659.jpg,1.0
25660.jpg,0.0
25661.jpg,1.0
25662.jpg,0.0
25663.jpg,1.0
25664.jpg,1.0
25665.jpg,0.0
25666.jpg,1.0
25667.jpg,1.0
25668.jpg,0.0
25669.jpg,0.0
25670.jpg,0.0
25671.jpg,0.0
25672.jpg,0.0
25673.jpg,0.0
25674.jpg,0.0
25675.jpg,1.0
25676.jpg,0.0
25677.jpg,1.0
25678.jpg,1.0
25679.jpg,0.0
25680.jpg,0.0
25681.jpg,1.0
25682.jpg,0.0
25683.jpg,1.0
25684.jpg,1.0
25685.jpg,1.0
25686.jpg,0.0
25687.jpg,1.0
25688.jpg,1.0
25689.jpg,0.0
25690.jpg,0.0
25691.jpg,0.0
25692.jpg,0.0
25693.jpg,0.0
25694.jpg,1.0
25695.jpg,0.0
25696.jpg,1.0
25697.jpg,1.0
25698.jpg,0.0
25699.jpg,0.0
25700.jpg,0.0
25701.jpg,0.0
25702.jpg,1.0
25703.jpg,0.0
25704.jpg,0.0
25705.jpg,0.0
25706.jpg,1.0
25707.jpg,1.0
25708.jpg,1.0
25709.jpg,0.0
25710.jpg,0.0
25711.jpg,1.0
25712.jpg,0.0
25713.jpg,0.0
25714.jpg,0.0
25715.jpg,0.0
25716.jpg,1.0
25717.jpg,1.0
25718.jpg,1.0
25719.jpg,1.0
25720.jpg,1.0
25721.jpg,0.0
25722.jpg,0.0
25723.jpg,1.0
25724.jpg,0.0
25725.jpg,1.0
25726.jpg,0.0
25727.jpg,0.0
25728.jpg,0.0
25729.jpg,0.0
25730.jpg,0.0
25731.jpg,1.0
25732.jpg,0.0
25733.jpg,0.0
25734.jpg,0.0
25735.jpg,0.0
25736.jpg,0.0
25737.jpg,1.0
25738.jpg,0.0
25739.jpg,0.0
25740.jpg,1.0
25741.jpg,1.0
25742.jpg,1.0
25743.jpg,1.0
25744.jpg,1.0
25745.jpg,0.0
25746.jpg,0.0
25747.jpg,1.0
25748.jpg,0.0
25749.jpg,1.0
25750.jpg,0.0
25751.jpg,0.0
25752.jpg,0.0
25753.jpg,0.0
25754.jpg,1.0
25755.jpg,1.0
25756.jpg,0.0
25757.jpg,0.0
25758.jpg,1.0
25759.jpg,0.0
25760.jpg,0.0
25761.jpg,0.0
25762.jpg,1.0
25763.jpg,1.0
25764.jpg,0.0
25765.jpg,0.0
25766.jpg,1.0
25767.jpg,0.0
25768.jpg,0.0
25769.jpg,0.0
25770.jpg,0.0
25771.jpg,0.0
25772.jpg,1.0
25773.jpg,1.0
25774.jpg,0.0
25775.jpg,1.0
25776.jpg,0.0
25777.jpg,1.0
25778.jpg,0.0
25779.jpg,1.0
25780.jpg,1.0
25781.jpg,0.0
25782.jpg,0.0
25783.jpg,0.0
25784.jpg,1.0
25785.jpg,1.0
25786.jpg,1.0
25787.jpg,0.0
25788.jpg,0.0
25789.jpg,1.0
25790.jpg,1.0
25791.jpg,0.0
25792.jpg,1.0
25793.jpg,1.0
25794.jpg,0.0
25795.jpg,0.0
25796.jpg,1.0
25797.jpg,0.0
25798.jpg,1.0
25799.jpg,1.0
25800.jpg,0.0
25801.jpg,0.0
25802.jpg,1.0
25803.jpg,0.0
25804.jpg,1.0
25805.jpg,0.0
25806.jpg,1.0
25807.jpg,0.0
25808.jpg,0.0
25809.jpg,1.0
25810.jpg,0.0
25811.jpg,0.0
25812.jpg,0.0
25813.jpg,0.0
25814.jpg,0.0
25815.jpg,0.0
25816.jpg,0.0
25817.jpg,1.0
25818.jpg,1.0
25819.jpg,1.0
25820.jpg,1.0
25821.jpg,1.0
25822.jpg,1.0
25823.jpg,0.0
25824.jpg,0.0
25825.jpg,1.0
25826.jpg,0.0
25827.jpg,1.0
25828.jpg,1.0
25829.jpg,0.0
25830.jpg,0.0
25831.jpg,1.0
25832.jpg,1.0
25833.jpg,0.0
25834.jpg,1.0
25835.jpg,1.0
25836.jpg,0.0
25837.jpg,1.0
25838.jpg,1.0
25839.jpg,1.0
25840.jpg,1.0
25841.jpg,1.0
25842.jpg,0.0
25843.jpg,1.0
25844.jpg,0.0
25845.jpg,1.0
25846.jpg,1.0
25847.jpg,0.0
25848.jpg,1.0
25849.jpg,1.0
25850.jpg,1.0
25851.jpg,1.0
25852.jpg,0.0
25853.jpg,1.0
25854.jpg,0.0
25855.jpg,0.0
25856.jpg,0.0
25857.jpg,0.0
25858.jpg,0.0
25859.jpg,1.0
25860.jpg,0.0
25861.jpg,0.0
25862.jpg,1.0
25863.jpg,0.0
25864.jpg,0.0
25865.jpg,0.0
25866.jpg,0.0
25867.jpg,1.0
25868.jpg,0.0
25869.jpg,1.0
25870.jpg,1.0
25871.jpg,1.0
25872.jpg,0.0
25873.jpg,1.0
25874.jpg,1.0
25875.jpg,0.0
25876.jpg,1.0
25877.jpg,0.0
25878.jpg,1.0
25879.jpg,1.0
25880.jpg,1.0
25881.jpg,0.0
25882.jpg,1.0
25883.jpg,1.0
25884.jpg,1.0
25885.jpg,1.0
25886.jpg,1.0
25887.jpg,1.0
25888.jpg,1.0
25889.jpg,0.0
25890.jpg,1.0
25891.jpg,1.0
25892.jpg,1.0
25893.jpg,0.0
25894.jpg,1.0
25895.jpg,0.0
25896.jpg,0.0
25897.jpg,0.0
25898.jpg,0.0
25899.jpg,1.0
25900.jpg,1.0
25901.jpg,1.0
25902.jpg,1.0
25903.jpg,1.0
25904.jpg,1.0
25905.jpg,0.0
25906.jpg,1.0
25907.jpg,0.0
25908.jpg,1.0
25909.jpg,1.0
25910.jpg,0.0
25911.jpg,1.0
25912.jpg,0.0
25913.jpg,1.0
25914.jpg,1.0
25915.jpg,0.0
25916.jpg,1.0
25917.jpg,0.0
25918.jpg,1.0
25919.jpg,1.0
25920.jpg,1.0
25921.jpg,0.0
25922.jpg,1.0
25923.jpg,0.0
25924.jpg,1.0
25925.jpg,0.0
25926.jpg,1.0
25927.jpg,1.0
25928.jpg,0.0
25929.jpg,0.0
25930.jpg,0.0
25931.jpg,1.0
25932.jpg,0.0
25933.jpg,0.0
25934.jpg,0.0
25935.jpg,1.0
25936.jpg,0.0
25937.jpg,0.0
25938.jpg,1.0
25939.jpg,1.0
25940.jpg,1.0
25941.jpg,0.0
25942.jpg,1.0
25943.jpg,0.0
25944.jpg,0.0
25945.jpg,1.0
25946.jpg,0.0
25947.jpg,0.0
25948.jpg,1.0
25949.jpg,1.0
25950.jpg,1.0
25951.jpg,0.0
25952.jpg,0.0
25953.jpg,0.0
25954.jpg,1.0
25955.jpg,1.0
25956.jpg,1.0
25957.jpg,0.0
25958.jpg,1.0
25959.jpg,0.0
25960.jpg,0.0
25961.jpg,0.0
25962.jpg,1.0
25963.jpg,1.0
25964.jpg,1.0
25965.jpg,0.0
25966.jpg,0.0
25967.jpg,1.0
25968.jpg,0.0
25969.jpg,0.0
25970.jpg,1.0
25971.jpg,1.0
25972.jpg,1.0
25973.jpg,1.0
25974.jpg,1.0
25975.jpg,0.0
25976.jpg,1.0
25977.jpg,1.0
25978.jpg,1.0
25979.jpg,1.0
25980.jpg,0.0
25981.jpg,0.0
25982.jpg,1.0
25983.jpg,0.0
25984.jpg,0.0
25985.jpg,1.0
25986.jpg,1.0
25987.jpg,1.0
25988.jpg,0.0
25989.jpg,0.0
25990.jpg,0.0
25991.jpg,0.0
25992.jpg,1.0
25993.jpg,0.0
25994.jpg,1.0
25995.jpg,0.0
25996.jpg,1.0
25997.jpg,1.0
25998.jpg,1.0
25999.jpg,1.0
26000.jpg,1.0
26001.jpg,1.0
26002.jpg,0.0
26003.jpg,1.0
26004.jpg,1.0
26005.jpg,1.0
26006.jpg,1.0
26007.jpg,0.0
26008.jpg,0.0
26009.jpg,1.0
26010.jpg,1.0
26011.jpg,0.0
26012.jpg,1.0
26013.jpg,1.0
26014.jpg,0.0
26015.jpg,1.0
26016.jpg,1.0
26017.jpg,1.0
26018.jpg,0.0
26019.jpg,1.0
26020.jpg,0.0
26021.jpg,1.0
26022.jpg,1.0
26023.jpg,0.0
26024.jpg,0.0
26025.jpg,0.0
26026.jpg,1.0
26027.jpg,1.0
26028.jpg,1.0
26029.jpg,1.0
26030.jpg,0.0
26031.jpg,1.0
26032.jpg,0.0
26033.jpg,1.0
26034.jpg,0.0
26035.jpg,0.0
26036.jpg,0.0
26037.jpg,0.0
26038.jpg,1.0
26039.jpg,0.0
26040.jpg,1.0
26041.jpg,1.0
26042.jpg,0.0
26043.jpg,1.0
26044.jpg,0.0
26045.jpg,0.0
26046.jpg,0.0
26047.jpg,0.0
26048.jpg,1.0
26049.jpg,0.0
26050.jpg,1.0
26051.jpg,1.0
26052.jpg,0.0
26053.jpg,1.0
26054.jpg,0.0
26055.jpg,0.0
26056.jpg,0.0
26057.jpg,0.0
26058.jpg,0.0
26059.jpg,0.0
26060.jpg,0.0
26061.jpg,0.0
26062.jpg,1.0
26063.jpg,1.0
26064.jpg,0.0
26065.jpg,1.0
26066.jpg,0.0
26067.jpg,1.0
26068.jpg,0.0
26069.jpg,1.0
26070.jpg,0.0
26071.jpg,1.0
26072.jpg,0.0
26073.jpg,0.0
26074.jpg,1.0
26075.jpg,1.0
26076.jpg,0.0
26077.jpg,0.0
26078.jpg,1.0
26079.jpg,1.0
26080.jpg,1.0
26081.jpg,0.0
26082.jpg,0.0
26083.jpg,0.0
26084.jpg,0.0
26085.jpg,0.0
26086.jpg,0.0
26087.jpg,1.0
26088.jpg,0.0
26089.jpg,1.0
26090.jpg,0.0
26091.jpg,1.0
26092.jpg,0.0
26093.jpg,0.0
26094.jpg,0.0
26095.jpg,1.0
26096.jpg,1.0
26097.jpg,1.0
26098.jpg,0.0
26099.jpg,1.0
26100.jpg,0.0
26101.jpg,1.0
26102.jpg,1.0
26103.jpg,0.0
26104.jpg,1.0
26105.jpg,1.0
26106.jpg,1.0
26107.jpg,1.0
26108.jpg,0.0
26109.jpg,0.0
26110.jpg,1.0
26111.jpg,1.0
26112.jpg,1.0
26113.jpg,1.0
26114.jpg,1.0
26115.jpg,0.0
26116.jpg,1.0
26117.jpg,1.0
26118.jpg,1.0
26119.jpg,0.0
26120.jpg,1.0
26121.jpg,1.0
26122.jpg,1.0
26123.jpg,0.0
26124.jpg,1.0
26125.jpg,0.0
26126.jpg,1.0
26127.jpg,1.0
26128.jpg,0.0
26129.jpg,1.0
26130.jpg,1.0
26131.jpg,1.0
26132.jpg,1.0
26133.jpg,0.0
26134.jpg,1.0
26135.jpg,0.0
26136.jpg,1.0
26137.jpg,1.0
26138.jpg,1.0
26139.jpg,1.0
26140.jpg,0.0
26141.jpg,0.0
26142.jpg,0.0
26143.jpg,1.0
26144.jpg,0.0
26145.jpg,1.0
26146.jpg,0.0
26147.jpg,0.0
26148.jpg,1.0
26149.jpg,0.0
26150.jpg,1.0
26151.jpg,0.0
26152.jpg,0.0
26153.jpg,0.0
26154.jpg,1.0
26155.jpg,1.0
26156.jpg,1.0
26157.jpg,1.0
26158.jpg,0.0
26159.jpg,0.0
26160.jpg,0.0
26161.jpg,0.0
26162.jpg,0.0
26163.jpg,1.0
26164.jpg,1.0
26165.jpg,1.0
26166.jpg,0.0
26167.jpg,1.0
26168.jpg,1.0
26169.jpg,1.0
26170.jpg,1.0
26171.jpg,0.0
26172.jpg,0.0
26173.jpg,1.0
26174.jpg,1.0
26175.jpg,1.0
26176.jpg,1.0
26177.jpg,0.0
26178.jpg,1.0
26179.jpg,1.0
26180.jpg,1.0
26181.jpg,1.0
26182.jpg,0.0
26183.jpg,0.0
26184.jpg,0.0
26185.jpg,0.0
26186.jpg,1.0
26187.jpg,1.0
26188.jpg,0.0
26189.jpg,1.0
26190.jpg,0.0
26191.jpg,1.0
26192.jpg,0.0
26193.jpg,0.0
26194.jpg,1.0
26195.jpg,0.0
26196.jpg,1.0
26197.jpg,1.0
26198.jpg,0.0
26199.jpg,1.0
26200.jpg,0.0
26201.jpg,1.0
26202.jpg,0.0
26203.jpg,0.0
26204.jpg,1.0
26205.jpg,1.0
26206.jpg,1.0
26207.jpg,1.0
26208.jpg,1.0
26209.jpg,0.0
26210.jpg,0.0
26211.jpg,0.0
26212.jpg,0.0
26213.jpg,1.0
26214.jpg,1.0
26215.jpg,0.0
26216.jpg,0.0
26217.jpg,0.0
26218.jpg,1.0
26219.jpg,0.0
26220.jpg,0.0
26221.jpg,0.0
26222.jpg,1.0
26223.jpg,0.0
26224.jpg,1.0
26225.jpg,0.0
26226.jpg,1.0
26227.jpg,1.0
26228.jpg,1.0
26229.jpg,1.0
26230.jpg,0.0
26231.jpg,0.0
26232.jpg,1.0
26233.jpg,1.0
26234.jpg,0.0
26235.jpg,1.0
26236.jpg,1.0
26237.jpg,1.0
26238.jpg,1.0
26239.jpg,0.0
26240.jpg,1.0
26241.jpg,0.0
26242.jpg,1.0
26243.jpg,1.0
26244.jpg,1.0
26245.jpg,0.0
26246.jpg,1.0
26247.jpg,0.0
26248.jpg,1.0
26249.jpg,0.0
26250.jpg,1.0
26251.jpg,0.0
26252.jpg,1.0
26253.jpg,0.0
26254.jpg,0.0
26255.jpg,1.0
26256.jpg,1.0
26257.jpg,1.0
26258.jpg,1.0
26259.jpg,0.0
26260.jpg,1.0
26261.jpg,1.0
26262.jpg,1.0
26263.jpg,1.0
26264.jpg,1.0
26265.jpg,1.0
26266.jpg,0.0
26267.jpg,1.0
26268.jpg,0.0
26269.jpg,1.0
26270.jpg,0.0
26271.jpg,0.0
26272.jpg,1.0
26273.jpg,1.0
26274.jpg,1.0
26275.jpg,1.0
26276.jpg,0.0
26277.jpg,0.0
26278.jpg,1.0
26279.jpg,1.0
26280.jpg,0.0
26281.jpg,0.0
26282.jpg,1.0
26283.jpg,1.0
26284.jpg,0.0
26285.jpg,1.0
26286.jpg,1.0
26287.jpg,0.0
26288.jpg,0.0
26289.jpg,0.0
26290.jpg,1.0
26291.jpg,0.0
26292.jpg,1.0
26293.jpg,1.0
26294.jpg,1.0
26295.jpg,1.0
26296.jpg,1.0
26297.jpg,1.0
26298.jpg,1.0
26299.jpg,1.0
26300.jpg,1.0
26301.jpg,1.0
26302.jpg,0.0
26303.jpg,1.0
26304.jpg,0.0
26305.jpg,1.0
26306.jpg,0.0
26307.jpg,0.0
26308.jpg,1.0
26309.jpg,1.0
26310.jpg,0.0
26311.jpg,1.0
26312.jpg,0.0
26313.jpg,1.0
26314.jpg,0.0
26315.jpg,0.0
26316.jpg,1.0
26317.jpg,1.0
26318.jpg,1.0
26319.jpg,1.0
26320.jpg,0.0
26321.jpg,0.0
26322.jpg,0.0
26323.jpg,0.0
26324.jpg,1.0
26325.jpg,1.0
26326.jpg,0.0
26327.jpg,1.0
26328.jpg,1.0
26329.jpg,1.0
26330.jpg,0.0
26331.jpg,0.0
26332.jpg,0.0
26333.jpg,1.0
26334.jpg,0.0
26335.jpg,0.0
26336.jpg,0.0
26337.jpg,1.0
26338.jpg,1.0
26339.jpg,0.0
26340.jpg,1.0
26341.jpg,0.0
26342.jpg,0.0
26343.jpg,0.0
26344.jpg,1.0
26345.jpg,0.0
26346.jpg,0.0
26347.jpg,0.0
26348.jpg,1.0
26349.jpg,0.0
26350.jpg,1.0
26351.jpg,0.0
26352.jpg,1.0
26353.jpg,0.0
26354.jpg,0.0
26355.jpg,0.0
26356.jpg,0.0
26357.jpg,1.0
26358.jpg,0.0
26359.jpg,0.0
26360.jpg,0.0
26361.jpg,0.0
26362.jpg,1.0
26363.jpg,1.0
26364.jpg,1.0
26365.jpg,0.0
26366.jpg,1.0
26367.jpg,1.0
26368.jpg,1.0
26369.jpg,0.0
26370.jpg,1.0
26371.jpg,1.0
26372.jpg,1.0
26373.jpg,0.0
26374.jpg,1.0
26375.jpg,0.0
26376.jpg,1.0
26377.jpg,0.0
26378.jpg,0.0
26379.jpg,1.0
26380.jpg,0.0
26381.jpg,1.0
26382.jpg,1.0
26383.jpg,1.0
26384.jpg,1.0
26385.jpg,1.0
26386.jpg,0.0
26387.jpg,1.0
26388.jpg,1.0
26389.jpg,0.0
26390.jpg,1.0
26391.jpg,0.0
26392.jpg,0.0
26393.jpg,1.0
26394.jpg,1.0
26395.jpg,1.0
26396.jpg,0.0
26397.jpg,0.0
26398.jpg,0.0
26399.jpg,0.0
26400.jpg,0.0
26401.jpg,1.0
26402.jpg,1.0
26403.jpg,0.0
26404.jpg,0.0
26405.jpg,1.0
26406.jpg,1.0
26407.jpg,0.0
26408.jpg,1.0
26409.jpg,1.0
26410.jpg,0.0
26411.jpg,1.0
26412.jpg,1.0
26413.jpg,0.0
26414.jpg,1.0
26415.jpg,0.0
26416.jpg,0.0
26417.jpg,0.0
26418.jpg,0.0
26419.jpg,0.0
26420.jpg,0.0
26421.jpg,0.0
26422.jpg,0.0
26423.jpg,1.0
26424.jpg,0.0
26425.jpg,1.0
26426.jpg,0.0
26427.jpg,1.0
26428.jpg,1.0
26429.jpg,0.0
26430.jpg,0.0
26431.jpg,0.0
26432.jpg,1.0
26433.jpg,1.0
26434.jpg,1.0
26435.jpg,0.0
26436.jpg,0.0
26437.jpg,0.0
26438.jpg,1.0
26439.jpg,0.0
26440.jpg,0.0
26441.jpg,1.0
26442.jpg,1.0
26443.jpg,1.0
26444.jpg,0.0
26445.jpg,1.0
26446.jpg,1.0
26447.jpg,0.0
26448.jpg,0.0
26449.jpg,1.0
26450.jpg,0.0
26451.jpg,0.0
26452.jpg,0.0
26453.jpg,0.0
26454.jpg,0.0
26455.jpg,0.0
26456.jpg,0.0
26457.jpg,0.0
26458.jpg,0.0
26459.jpg,0.0
26460.jpg,1.0
26461.jpg,0.0
26462.jpg,0.0
26463.jpg,1.0
26464.jpg,0.0
26465.jpg,1.0
26466.jpg,1.0
26467.jpg,1.0
26468.jpg,0.0
26469.jpg,0.0
26470.jpg,0.0
26471.jpg,1.0
26472.jpg,1.0
26473.jpg,0.0
26474.jpg,1.0
26475.jpg,0.0
26476.jpg,0.0
26477.jpg,0.0
26478.jpg,0.0
26479.jpg,1.0
26480.jpg,0.0
26481.jpg,0.0
26482.jpg,0.0
26483.jpg,0.0
26484.jpg,1.0
26485.jpg,0.0
26486.jpg,1.0
26487.jpg,1.0
26488.jpg,0.0
26489.jpg,0.0
26490.jpg,1.0
26491.jpg,0.0
26492.jpg,0.0
26493.jpg,0.0
26494.jpg,0.0
26495.jpg,0.0
26496.jpg,0.0
26497.jpg,1.0
26498.jpg,0.0
26499.jpg,0.0
26500.jpg,0.0
26501.jpg,1.0
26502.jpg,0.0
26503.jpg,0.0
26504.jpg,1.0
26505.jpg,0.0
26506.jpg,1.0
26507.jpg,0.0
26508.jpg,1.0
26509.jpg,1.0
26510.jpg,0.0
26511.jpg,1.0
26512.jpg,0.0
26513.jpg,1.0
26514.jpg,0.0
26515.jpg,0.0
26516.jpg,1.0
26517.jpg,1.0
26518.jpg,0.0
26519.jpg,1.0
26520.jpg,0.0
26521.jpg,1.0
26522.jpg,1.0
26523.jpg,1.0
26524.jpg,0.0
26525.jpg,1.0
26526.jpg,1.0
26527.jpg,0.0
26528.jpg,1.0
26529.jpg,1.0
26530.jpg,1.0
26531.jpg,1.0
26532.jpg,1.0
26533.jpg,1.0
26534.jpg,0.0
26535.jpg,1.0
26536.jpg,1.0
26537.jpg,1.0
26538.jpg,1.0
26539.jpg,1.0
26540.jpg,0.0
26541.jpg,0.0
26542.jpg,0.0
26543.jpg,0.0
26544.jpg,0.0
26545.jpg,1.0
26546.jpg,1.0
26547.jpg,0.0
26548.jpg,1.0
26549.jpg,0.0
26550.jpg,1.0
26551.jpg,1.0
26552.jpg,1.0
26553.jpg,1.0
26554.jpg,1.0
26555.jpg,1.0
26556.jpg,0.0
26557.jpg,1.0
26558.jpg,0.0
26559.jpg,1.0
26560.jpg,0.0
26561.jpg,1.0
26562.jpg,0.0
26563.jpg,0.0
26564.jpg,1.0
26565.jpg,1.0
26566.jpg,1.0
26567.jpg,0.0
26568.jpg,1.0
26569.jpg,0.0
26570.jpg,0.0
26571.jpg,1.0
26572.jpg,0.0
26573.jpg,1.0
26574.jpg,0.0
26575.jpg,0.0
26576.jpg,1.0
26577.jpg,0.0
26578.jpg,0.0
26579.jpg,0.0
26580.jpg,0.0
26581.jpg,0.0
26582.jpg,0.0
26583.jpg,0.0
26584.jpg,1.0
26585.jpg,0.0
26586.jpg,0.0
26587.jpg,1.0
26588.jpg,1.0
26589.jpg,0.0
26590.jpg,1.0
26591.jpg,0.0
26592.jpg,0.0
26593.jpg,0.0
26594.jpg,1.0
26595.jpg,1.0
26596.jpg,0.0
26597.jpg,0.0
26598.jpg,0.0
26599.jpg,1.0
26600.jpg,0.0
26601.jpg,1.0
26602.jpg,1.0
26603.jpg,0.0
26604.jpg,1.0
26605.jpg,1.0
26606.jpg,1.0
26607.jpg,0.0
26608.jpg,0.0
26609.jpg,1.0
26610.jpg,0.0
26611.jpg,1.0
26612.jpg,1.0
26613.jpg,1.0
26614.jpg,1.0
26615.jpg,0.0
26616.jpg,1.0
26617.jpg,0.0
26618.jpg,0.0
26619.jpg,0.0
26620.jpg,0.0
26621.jpg,0.0
26622.jpg,1.0
26623.jpg,0.0
26624.jpg,1.0
26625.jpg,0.0
26626.jpg,0.0
26627.jpg,1.0
26628.jpg,1.0
26629.jpg,1.0
26630.jpg,1.0
26631.jpg,1.0
26632.jpg,1.0
26633.jpg,1.0
26634.jpg,1.0
26635.jpg,1.0
26636.jpg,0.0
26637.jpg,0.0
26638.jpg,0.0
26639.jpg,0.0
26640.jpg,0.0
26641.jpg,0.0
26642.jpg,0.0
26643.jpg,0.0
26644.jpg,1.0
26645.jpg,0.0
26646.jpg,0.0
26647.jpg,1.0
26648.jpg,0.0
26649.jpg,0.0
26650.jpg,1.0
26651.jpg,0.0
26652.jpg,1.0
26653.jpg,1.0
26654.jpg,1.0
26655.jpg,0.0
26656.jpg,0.0
26657.jpg,1.0
26658.jpg,1.0
26659.jpg,0.0
26660.jpg,1.0
26661.jpg,1.0
26662.jpg,0.0
26663.jpg,1.0
26664.jpg,0.0
26665.jpg,1.0
26666.jpg,0.0
26667.jpg,1.0
26668.jpg,1.0
26669.jpg,1.0
26670.jpg,1.0
26671.jpg,0.0
26672.jpg,0.0
26673.jpg,0.0
26674.jpg,0.0
26675.jpg,1.0
26676.jpg,1.0
26677.jpg,0.0
26678.jpg,1.0
26679.jpg,0.0
26680.jpg,1.0
26681.jpg,0.0
26682.jpg,0.0
26683.jpg,1.0
26684.jpg,1.0
26685.jpg,0.0
26686.jpg,1.0
26687.jpg,1.0
26688.jpg,1.0
26689.jpg,1.0
26690.jpg,1.0
26691.jpg,1.0
26692.jpg,0.0
26693.jpg,0.0
26694.jpg,0.0
26695.jpg,0.0
26696.jpg,1.0
26697.jpg,1.0
26698.jpg,0.0
26699.jpg,1.0
26700.jpg,0.0
26701.jpg,0.0
26702.jpg,1.0
26703.jpg,0.0
26704.jpg,0.0
26705.jpg,1.0
26706.jpg,0.0
26707.jpg,0.0
26708.jpg,0.0
26709.jpg,1.0
26710.jpg,1.0
26711.jpg,1.0
26712.jpg,0.0
26713.jpg,1.0
26714.jpg,1.0
26715.jpg,1.0
26716.jpg,1.0
26717.jpg,0.0
26718.jpg,1.0
26719.jpg,0.0
26720.jpg,1.0
26721.jpg,0.0
26722.jpg,0.0
26723.jpg,0.0
26724.jpg,1.0
26725.jpg,1.0
26726.jpg,1.0
26727.jpg,1.0
26728.jpg,1.0
26729.jpg,1.0
26730.jpg,0.0
26731.jpg,1.0
26732.jpg,0.0
26733.jpg,0.0
26734.jpg,0.0
26735.jpg,0.0
26736.jpg,1.0
26737.jpg,1.0
26738.jpg,0.0
26739.jpg,0.0
26740.jpg,1.0
26741.jpg,1.0
26742.jpg,0.0
26743.jpg,0.0
26744.jpg,1.0
26745.jpg,1.0
26746.jpg,0.0
26747.jpg,0.0
26748.jpg,0.0
26749.jpg,0.0
26750.jpg,0.0
26751.jpg,1.0
26752.jpg,0.0
26753.jpg,0.0
26754.jpg,0.0
26755.jpg,0.0
26756.jpg,0.0
26757.jpg,0.0
26758.jpg,0.0
26759.jpg,1.0
26760.jpg,1.0
26761.jpg,1.0
26762.jpg,0.0
26763.jpg,0.0
26764.jpg,0.0
26765.jpg,0.0
26766.jpg,0.0
26767.jpg,1.0
26768.jpg,0.0
26769.jpg,0.0
26770.jpg,0.0
26771.jpg,1.0
26772.jpg,1.0
26773.jpg,0.0
26774.jpg,0.0
26775.jpg,1.0
26776.jpg,1.0
26777.jpg,1.0
26778.jpg,1.0
26779.jpg,1.0
26780.jpg,0.0
26781.jpg,1.0
26782.jpg,1.0
26783.jpg,0.0
26784.jpg,0.0
26785.jpg,1.0
26786.jpg,0.0
26787.jpg,0.0
26788.jpg,1.0
26789.jpg,0.0
26790.jpg,1.0
26791.jpg,0.0
26792.jpg,1.0
26793.jpg,0.0
26794.jpg,0.0
26795.jpg,1.0
26796.jpg,1.0
26797.jpg,1.0
26798.jpg,0.0
26799.jpg,1.0
26800.jpg,1.0
26801.jpg,1.0
26802.jpg,0.0
26803.jpg,0.0
26804.jpg,0.0
26805.jpg,1.0
26806.jpg,0.0
26807.jpg,1.0
26808.jpg,1.0
26809.jpg,1.0
26810.jpg,0.0
26811.jpg,1.0
26812.jpg,1.0
26813.jpg,1.0
26814.jpg,1.0
26815.jpg,0.0
26816.jpg,1.0
26817.jpg,1.0
26818.jpg,1.0
26819.jpg,1.0
26820.jpg,0.0
26821.jpg,0.0
26822.jpg,1.0
26823.jpg,0.0
26824.jpg,1.0
26825.jpg,0.0
26826.jpg,1.0
26827.jpg,0.0
26828.jpg,1.0
26829.jpg,0.0
26830.jpg,0.0
26831.jpg,0.0
26832.jpg,0.0
26833.jpg,0.0
26834.jpg,1.0
26835.jpg,0.0
26836.jpg,1.0
26837.jpg,0.0
26838.jpg,0.0
26839.jpg,0.0
26840.jpg,0.0
26841.jpg,1.0
26842.jpg,1.0
26843.jpg,0.0
26844.jpg,0.0
26845.jpg,0.0
26846.jpg,0.0
26847.jpg,1.0
26848.jpg,1.0
26849.jpg,0.0
26850.jpg,0.0
26851.jpg,1.0
26852.jpg,0.0
26853.jpg,1.0
26854.jpg,1.0
26855.jpg,0.0
26856.jpg,0.0
26857.jpg,0.0
26858.jpg,1.0
26859.jpg,0.0
26860.jpg,0.0
26861.jpg,1.0
26862.jpg,1.0
26863.jpg,0.0
26864.jpg,1.0
26865.jpg,1.0
26866.jpg,1.0
26867.jpg,1.0
26868.jpg,0.0
26869.jpg,1.0
26870.jpg,0.0
26871.jpg,1.0
26872.jpg,0.0
26873.jpg,1.0
26874.jpg,1.0
26875.jpg,1.0
26876.jpg,1.0
26877.jpg,1.0
26878.jpg,1.0
26879.jpg,0.0
26880.jpg,1.0
26881.jpg,0.0
26882.jpg,1.0
26883.jpg,1.0
26884.jpg,1.0
26885.jpg,1.0
26886.jpg,0.0
26887.jpg,1.0
26888.jpg,1.0
26889.jpg,0.0
26890.jpg,0.0
26891.jpg,0.0
26892.jpg,0.0
26893.jpg,1.0
26894.jpg,0.0
26895.jpg,1.0
26896.jpg,0.0
26897.jpg,0.0
26898.jpg,1.0
26899.jpg,1.0
26900.jpg,1.0
26901.jpg,1.0
26902.jpg,1.0
26903.jpg,1.0
26904.jpg,0.0
26905.jpg,0.0
26906.jpg,1.0
26907.jpg,0.0
26908.jpg,1.0
26909.jpg,0.0
26910.jpg,1.0
26911.jpg,1.0
26912.jpg,0.0
26913.jpg,1.0
26914.jpg,0.0
26915.jpg,0.0
26916.jpg,0.0
26917.jpg,1.0
26918.jpg,1.0
26919.jpg,0.0
26920.jpg,1.0
26921.jpg,1.0
26922.jpg,0.0
26923.jpg,1.0
26924.jpg,0.0
26925.jpg,1.0
26926.jpg,0.0
26927.jpg,0.0
26928.jpg,1.0
26929.jpg,0.0
26930.jpg,0.0
26931.jpg,0.0
26932.jpg,0.0
26933.jpg,1.0
26934.jpg,0.0
26935.jpg,1.0
26936.jpg,1.0
26937.jpg,0.0
26938.jpg,1.0
26939.jpg,0.0
26940.jpg,1.0
26941.jpg,1.0
26942.jpg,1.0
26943.jpg,1.0
26944.jpg,1.0
26945.jpg,0.0
26946.jpg,0.0
26947.jpg,0.0
26948.jpg,0.0
26949.jpg,0.0
26950.jpg,0.0
26951.jpg,0.0
26952.jpg,0.0
26953.jpg,0.0
26954.jpg,0.0
26955.jpg,1.0
26956.jpg,0.0
26957.jpg,0.0
26958.jpg,1.0
26959.jpg,0.0
26960.jpg,0.0
26961.jpg,1.0
26962.jpg,1.0
26963.jpg,1.0
26964.jpg,1.0
26965.jpg,1.0
26966.jpg,1.0
26967.jpg,0.0
26968.jpg,0.0
26969.jpg,1.0
26970.jpg,1.0
26971.jpg,0.0
26972.jpg,1.0
26973.jpg,1.0
26974.jpg,1.0
26975.jpg,1.0
26976.jpg,1.0
26977.jpg,1.0
26978.jpg,1.0
26979.jpg,0.0
26980.jpg,1.0
26981.jpg,0.0
26982.jpg,1.0
26983.jpg,0.0
26984.jpg,1.0
26985.jpg,0.0
26986.jpg,1.0
26987.jpg,1.0
26988.jpg,1.0
26989.jpg,0.0
26990.jpg,1.0
26991.jpg,0.0
26992.jpg,0.0
26993.jpg,0.0
26994.jpg,0.0
26995.jpg,0.0
26996.jpg,0.0
26997.jpg,0.0
26998.jpg,0.0
26999.jpg,1.0
27000.jpg,0.0
27001.jpg,0.0
27002.jpg,0.0
27003.jpg,0.0
27004.jpg,0.0
27005.jpg,1.0
27006.jpg,0.0
27007.jpg,1.0
27008.jpg,1.0
27009.jpg,0.0
27010.jpg,1.0
27011.jpg,0.0
27012.jpg,0.0
27013.jpg,0.0
27014.jpg,0.0
27015.jpg,0.0
27016.jpg,1.0
27017.jpg,0.0
27018.jpg,1.0
27019.jpg,0.0
27020.jpg,1.0
27021.jpg,1.0
27022.jpg,1.0
27023.jpg,0.0
27024.jpg,0.0
27025.jpg,0.0
27026.jpg,0.0
27027.jpg,1.0
27028.jpg,1.0
27029.jpg,0.0
27030.jpg,1.0
27031.jpg,0.0
27032.jpg,0.0
27033.jpg,1.0
27034.jpg,1.0
27035.jpg,1.0
27036.jpg,0.0
27037.jpg,0.0
27038.jpg,1.0
27039.jpg,1.0
27040.jpg,1.0
27041.jpg,1.0
27042.jpg,1.0
27043.jpg,0.0
27044.jpg,1.0
27045.jpg,1.0
27046.jpg,0.0
27047.jpg,0.0
27048.jpg,1.0
27049.jpg,1.0
27050.jpg,0.0
27051.jpg,0.0
27052.jpg,1.0
27053.jpg,0.0
27054.jpg,1.0
27055.jpg,1.0
27056.jpg,0.0
27057.jpg,1.0
27058.jpg,0.0
27059.jpg,0.0
27060.jpg,0.0
27061.jpg,1.0
27062.jpg,1.0
27063.jpg,1.0
27064.jpg,0.0
27065.jpg,0.0
27066.jpg,1.0
27067.jpg,1.0
27068.jpg,0.0
27069.jpg,0.0
27070.jpg,1.0
27071.jpg,0.0
27072.jpg,0.0
27073.jpg,0.0
27074.jpg,1.0
27075.jpg,1.0
27076.jpg,1.0
27077.jpg,0.0
27078.jpg,1.0
27079.jpg,0.0
27080.jpg,1.0
27081.jpg,1.0
27082.jpg,1.0
27083.jpg,0.0
27084.jpg,0.0
27085.jpg,1.0
27086.jpg,0.0
27087.jpg,1.0
27088.jpg,0.0
27089.jpg,0.0
27090.jpg,0.0
27091.jpg,1.0
27092.jpg,0.0
27093.jpg,1.0
27094.jpg,0.0
27095.jpg,1.0
27096.jpg,1.0
27097.jpg,0.0
27098.jpg,0.0
27099.jpg,1.0
27100.jpg,1.0
27101.jpg,1.0
27102.jpg,0.0
27103.jpg,0.0
27104.jpg,0.0
27105.jpg,0.0
27106.jpg,0.0
27107.jpg,1.0
27108.jpg,0.0
27109.jpg,0.0
27110.jpg,0.0
27111.jpg,1.0
27112.jpg,1.0
27113.jpg,1.0
27114.jpg,0.0
27115.jpg,0.0
27116.jpg,1.0
27117.jpg,1.0
27118.jpg,1.0
27119.jpg,1.0
27120.jpg,1.0
27121.jpg,0.0
27122.jpg,1.0
27123.jpg,0.0
27124.jpg,1.0
27125.jpg,1.0
27126.jpg,0.0
27127.jpg,1.0
27128.jpg,0.0
27129.jpg,1.0
27130.jpg,0.0
27131.jpg,1.0
27132.jpg,0.0
27133.jpg,0.0
27134.jpg,0.0
27135.jpg,1.0
27136.jpg,0.0
27137.jpg,1.0
27138.jpg,1.0
27139.jpg,1.0
27140.jpg,0.0
27141.jpg,0.0
27142.jpg,1.0
27143.jpg,1.0
27144.jpg,1.0
27145.jpg,0.0
27146.jpg,0.0
27147.jpg,1.0
27148.jpg,0.0
27149.jpg,1.0
27150.jpg,1.0
27151.jpg,1.0
27152.jpg,1.0
27153.jpg,1.0
27154.jpg,1.0
27155.jpg,1.0
27156.jpg,0.0
27157.jpg,1.0
27158.jpg,0.0
27159.jpg,1.0
27160.jpg,1.0
27161.jpg,0.0
27162.jpg,1.0
27163.jpg,0.0
27164.jpg,1.0
27165.jpg,0.0
27166.jpg,1.0
27167.jpg,1.0
27168.jpg,0.0
27169.jpg,1.0
27170.jpg,0.0
27171.jpg,1.0
27172.jpg,1.0
27173.jpg,0.0
27174.jpg,1.0
27175.jpg,0.0
27176.jpg,1.0
27177.jpg,0.0
27178.jpg,0.0
27179.jpg,0.0
27180.jpg,0.0
27181.jpg,0.0
27182.jpg,1.0
27183.jpg,0.0
27184.jpg,0.0
27185.jpg,1.0
27186.jpg,1.0
27187.jpg,1.0
27188.jpg,1.0
27189.jpg,1.0
27190.jpg,0.0
27191.jpg,1.0
27192.jpg,0.0
27193.jpg,0.0
27194.jpg,0.0
27195.jpg,1.0
27196.jpg,1.0
27197.jpg,1.0
27198.jpg,1.0
27199.jpg,0.0
27200.jpg,0.0
27201.jpg,1.0
27202.jpg,0.0
27203.jpg,0.0
27204.jpg,0.0
27205.jpg,1.0
27206.jpg,0.0
27207.jpg,0.0
27208.jpg,1.0
27209.jpg,0.0
27210.jpg,0.0
27211.jpg,1.0
27212.jpg,1.0
27213.jpg,0.0
27214.jpg,1.0
27215.jpg,0.0
27216.jpg,0.0
27217.jpg,1.0
27218.jpg,1.0
27219.jpg,1.0
27220.jpg,1.0
27221.jpg,0.0
27222.jpg,1.0
27223.jpg,0.0
27224.jpg,0.0
27225.jpg,1.0
27226.jpg,1.0
27227.jpg,0.0
27228.jpg,1.0
27229.jpg,1.0
27230.jpg,0.0
27231.jpg,1.0
27232.jpg,0.0
27233.jpg,1.0
27234.jpg,0.0
27235.jpg,0.0
27236.jpg,0.0
27237.jpg,0.0
27238.jpg,1.0
27239.jpg,0.0
27240.jpg,1.0
27241.jpg,1.0
27242.jpg,1.0
27243.jpg,0.0
27244.jpg,0.0
27245.jpg,0.0
27246.jpg,1.0
27247.jpg,1.0
27248.jpg,1.0
27249.jpg,1.0
27250.jpg,1.0
27251.jpg,1.0
27252.jpg,0.0
27253.jpg,1.0
27254.jpg,1.0
27255.jpg,1.0
27256.jpg,1.0
27257.jpg,0.0
27258.jpg,1.0
27259.jpg,1.0
27260.jpg,1.0
27261.jpg,0.0
27262.jpg,0.0
27263.jpg,0.0
27264.jpg,0.0
27265.jpg,1.0
27266.jpg,0.0
27267.jpg,0.0
27268.jpg,0.0
27269.jpg,1.0
27270.jpg,1.0
27271.jpg,0.0
27272.jpg,1.0
27273.jpg,0.0
27274.jpg,1.0
27275.jpg,0.0
27276.jpg,1.0
27277.jpg,0.0
27278.jpg,0.0
27279.jpg,0.0
27280.jpg,1.0
27281.jpg,0.0
27282.jpg,0.0
27283.jpg,1.0
27284.jpg,0.0
27285.jpg,1.0
27286.jpg,1.0
27287.jpg,0.0
27288.jpg,1.0
27289.jpg,1.0
27290.jpg,1.0
27291.jpg,1.0
27292.jpg,1.0
27293.jpg,0.0
27294.jpg,1.0
27295.jpg,0.0
27296.jpg,1.0
27297.jpg,0.0
27298.jpg,0.0
27299.jpg,0.0
27300.jpg,0.0
27301.jpg,0.0
27302.jpg,1.0
27303.jpg,0.0
27304.jpg,0.0
27305.jpg,0.0
27306.jpg,1.0
27307.jpg,1.0
27308.jpg,0.0
27309.jpg,0.0
27310.jpg,0.0
27311.jpg,1.0
27312.jpg,0.0
27313.jpg,0.0
27314.jpg,1.0
27315.jpg,0.0
27316.jpg,1.0
27317.jpg,0.0
27318.jpg,1.0
27319.jpg,0.0
27320.jpg,0.0
27321.jpg,1.0
27322.jpg,0.0
27323.jpg,1.0
27324.jpg,0.0
27325.jpg,0.0
27326.jpg,0.0
27327.jpg,1.0
27328.jpg,1.0
27329.jpg,0.0
27330.jpg,0.0
27331.jpg,0.0
27332.jpg,1.0
27333.jpg,0.0
27334.jpg,1.0
27335.jpg,1.0
27336.jpg,0.0
27337.jpg,1.0
27338.jpg,0.0
27339.jpg,1.0
27340.jpg,1.0
27341.jpg,0.0
27342.jpg,0.0
27343.jpg,1.0
27344.jpg,1.0
27345.jpg,1.0
27346.jpg,0.0
27347.jpg,0.0
27348.jpg,1.0
27349.jpg,1.0
27350.jpg,1.0
27351.jpg,0.0
27352.jpg,1.0
27353.jpg,1.0
27354.jpg,0.0
27355.jpg,1.0
27356.jpg,1.0
27357.jpg,1.0
27358.jpg,0.0
27359.jpg,1.0
27360.jpg,1.0
27361.jpg,0.0
27362.jpg,1.0
27363.jpg,1.0
27364.jpg,1.0
27365.jpg,1.0
27366.jpg,1.0
27367.jpg,1.0
27368.jpg,0.0
27369.jpg,0.0
27370.jpg,0.0
27371.jpg,0.0
27372.jpg,0.0
27373.jpg,1.0
27374.jpg,0.0
27375.jpg,1.0
27376.jpg,1.0
27377.jpg,1.0
27378.jpg,0.0
27379.jpg,1.0
27380.jpg,0.0
27381.jpg,0.0
27382.jpg,1.0
27383.jpg,0.0
27384.jpg,0.0
27385.jpg,1.0
27386.jpg,0.0
27387.jpg,1.0
27388.jpg,1.0
27389.jpg,0.0
27390.jpg,1.0
27391.jpg,1.0
27392.jpg,1.0
27393.jpg,1.0
27394.jpg,0.0
27395.jpg,0.0
27396.jpg,1.0
27397.jpg,1.0
27398.jpg,0.0
27399.jpg,1.0
27400.jpg,0.0
27401.jpg,0.0
27402.jpg,1.0
27403.jpg,1.0
27404.jpg,0.0
27405.jpg,1.0
27406.jpg,1.0
27407.jpg,1.0
27408.jpg,0.0
27409.jpg,1.0
27410.jpg,0.0
27411.jpg,1.0
27412.jpg,1.0
27413.jpg,0.0
27414.jpg,0.0
27415.jpg,0.0
27416.jpg,1.0
27417.jpg,0.0
27418.jpg,0.0
27419.jpg,0.0
27420.jpg,1.0
27421.jpg,0.0
27422.jpg,0.0
27423.jpg,1.0
27424.jpg,1.0
27425.jpg,0.0
27426.jpg,1.0
27427.jpg,1.0
27428.jpg,0.0
27429.jpg,1.0
27430.jpg,1.0
27431.jpg,1.0
27432.jpg,1.0
27433.jpg,1.0
27434.jpg,1.0
27435.jpg,0.0
27436.jpg,0.0
27437.jpg,1.0
27438.jpg,1.0
27439.jpg,1.0
27440.jpg,0.0
27441.jpg,0.0
27442.jpg,1.0
27443.jpg,0.0
27444.jpg,0.0
27445.jpg,1.0
27446.jpg,0.0
27447.jpg,0.0
27448.jpg,0.0
27449.jpg,0.0
27450.jpg,0.0
27451.jpg,0.0
27452.jpg,0.0
27453.jpg,1.0
27454.jpg,1.0
27455.jpg,1.0
27456.jpg,1.0
27457.jpg,1.0
27458.jpg,0.0
27459.jpg,0.0
27460.jpg,0.0
27461.jpg,1.0
27462.jpg,1.0
27463.jpg,0.0
27464.jpg,1.0
27465.jpg,1.0
27466.jpg,0.0
27467.jpg,0.0
27468.jpg,1.0
27469.jpg,1.0
27470.jpg,1.0
27471.jpg,0.0
27472.jpg,1.0
27473.jpg,1.0
27474.jpg,1.0
27475.jpg,1.0
27476.jpg,0.0
27477.jpg,1.0
27478.jpg,1.0
27479.jpg,0.0
27480.jpg,0.0
27481.jpg,0.0
27482.jpg,0.0
27483.jpg,1.0
27484.jpg,0.0
27485.jpg,1.0
27486.jpg,0.0
27487.jpg,1.0
27488.jpg,0.0
27489.jpg,1.0
27490.jpg,1.0
27491.jpg,0.0
27492.jpg,0.0
27493.jpg,0.0
27494.jpg,0.0
27495.jpg,1.0
27496.jpg,0.0
27497.jpg,0.0
27498.jpg,1.0
27499.jpg,0.0
27500.jpg,0.0
27501.jpg,0.0
27502.jpg,0.0
27503.jpg,0.0
27504.jpg,0.0
27505.jpg,1.0
27506.jpg,1.0
27507.jpg,1.0
27508.jpg,1.0
27509.jpg,0.0
27510.jpg,1.0
27511.jpg,1.0
27512.jpg,1.0
27513.jpg,0.0
27514.jpg,1.0
27515.jpg,1.0
27516.jpg,1.0
27517.jpg,1.0
27518.jpg,0.0
27519.jpg,1.0
27520.jpg,0.0
27521.jpg,0.0
27522.jpg,1.0
27523.jpg,1.0
27524.jpg,1.0
27525.jpg,0.0
27526.jpg,1.0
27527.jpg,1.0
27528.jpg,1.0
27529.jpg,1.0
27530.jpg,0.0
27531.jpg,1.0
27532.jpg,1.0
27533.jpg,0.0
27534.jpg,1.0
27535.jpg,0.0
27536.jpg,0.0
27537.jpg,0.0
27538.jpg,1.0
27539.jpg,0.0
27540.jpg,0.0
27541.jpg,0.0
27542.jpg,1.0
27543.jpg,0.0
27544.jpg,0.0
27545.jpg,0.0
27546.jpg,1.0
27547.jpg,0.0
27548.jpg,1.0
27549.jpg,0.0
27550.jpg,1.0
27551.jpg,0.0
27552.jpg,1.0
27553.jpg,0.0
27554.jpg,1.0
27555.jpg,1.0
27556.jpg,0.0
27557.jpg,0.0
